output_file,record_type,analysis_family,model_id,outcome,outcome_unit,formula,term,term_coding,beta,robust_se,ci_lower,ci_upper,test_statistic,test_statistic_type,p_value,transformed_effect,transformed_ci_lower,transformed_ci_upper,transformed_unit,n_observations,n_speakers,family,link,working_correlation,covariance_estimator,cluster,rate_reference,sequence_reference,subset,selection_rule,software_versions,input_files,input_sha256,script_file,script_sha256,status
primary_demographic_sensitivity_CURRENT.csv,coefficient,primary_and_demographic_sensitivity,primary_independence_gee,log_speechrate,log(syllables/s),"log_speechrate ~ C(rate, Treatment(reference='fast')) + C(sequence, Treatment(reference='bibibi')) + co_me_mean_mm_10 + height_cm_c",Intercept,Intercept at reference categories and centered height = 0,1.9719485773963921,0.29628268893671689,1.391245177837743,2.5526519769550413,6.6556321075430134,Wald z,2.8208504747593234e-11,618.46627286791056,301.98523690422644,1184.1113002657135,percent change,8123,28,Gaussian,identity,independence,robust sandwich,participant_id,fast,bibibi,all 28 primary speakers,model complete cases,"{""numpy"": ""2.3.5"", ""pandas"": ""2.2.3"", ""patsy"": ""1.0.2"", ""platform"": ""Linux-4.4.0-x86_64-with-glibc2.41"", ""python"": ""3.13.5"", ""scipy"": ""1.17.0"", ""statsmodels"": ""0.14.6""}",analysis/primary/data/analysis_dataset_clean.csv,analysis/primary/data/analysis_dataset_clean.csv=25aaddf2ac0894b19bab058afe1fbe153b5e81b3ed4f744813e4e03c72094084,generate_canonical_empirical_outputs_CURRENT.py,b910303d197117ab53cd187ef56ecfe22465643191eb4f23b2908e102ef7c212,VERIFIED_CANONICAL
primary_demographic_sensitivity_CURRENT.csv,coefficient,primary_and_demographic_sensitivity,primary_independence_gee,log_speechrate,log(syllables/s),"log_speechrate ~ C(rate, Treatment(reference='fast')) + C(sequence, Treatment(reference='bibibi')) + co_me_mean_mm_10 + height_cm_c","C(rate, Treatment(reference='fast'))[T.normal]",Normal minus maximally fast; fast is the reference,-0.417523593189847,0.032955577809130748,-0.48211533878545065,-0.35293184759424334,-12.669284562632276,Wald z,8.7508861153746502e-37,-34.132404860205689,-38.252416125591523,-29.737492266511513,percent change,8123,28,Gaussian,identity,independence,robust sandwich,participant_id,fast,bibibi,all 28 primary speakers,model complete cases,"{""numpy"": ""2.3.5"", ""pandas"": ""2.2.3"", ""patsy"": ""1.0.2"", ""platform"": ""Linux-4.4.0-x86_64-with-glibc2.41"", ""python"": ""3.13.5"", ""scipy"": ""1.17.0"", ""statsmodels"": ""0.14.6""}",analysis/primary/data/analysis_dataset_clean.csv,analysis/primary/data/analysis_dataset_clean.csv=25aaddf2ac0894b19bab058afe1fbe153b5e81b3ed4f744813e4e03c72094084,generate_canonical_empirical_outputs_CURRENT.py,b910303d197117ab53cd187ef56ecfe22465643191eb4f23b2908e102ef7c212,VERIFIED_CANONICAL
primary_demographic_sensitivity_CURRENT.csv,coefficient,primary_and_demographic_sensitivity,primary_independence_gee,log_speechrate,log(syllables/s),"log_speechrate ~ C(rate, Treatment(reference='fast')) + C(sequence, Treatment(reference='bibibi')) + co_me_mean_mm_10 + height_cm_c","C(sequence, Treatment(reference='bibibi'))[T.dadada]",dadada minus the model-specific sequence reference,0.032216421407348671,0.025223077217557923,-0.017219901518337619,0.08165274433303496,1.2772597542112205,Wald z,0.2015105571872583,3.2740988379116986,-1.707248638504677,8.5078944586428396,percent change,8123,28,Gaussian,identity,independence,robust sandwich,participant_id,fast,bibibi,all 28 primary speakers,model complete cases,"{""numpy"": ""2.3.5"", ""pandas"": ""2.2.3"", ""patsy"": ""1.0.2"", ""platform"": ""Linux-4.4.0-x86_64-with-glibc2.41"", ""python"": ""3.13.5"", ""scipy"": ""1.17.0"", ""statsmodels"": ""0.14.6""}",analysis/primary/data/analysis_dataset_clean.csv,analysis/primary/data/analysis_dataset_clean.csv=25aaddf2ac0894b19bab058afe1fbe153b5e81b3ed4f744813e4e03c72094084,generate_canonical_empirical_outputs_CURRENT.py,b910303d197117ab53cd187ef56ecfe22465643191eb4f23b2908e102ef7c212,VERIFIED_CANONICAL
primary_demographic_sensitivity_CURRENT.csv,coefficient,primary_and_demographic_sensitivity,primary_independence_gee,log_speechrate,log(syllables/s),"log_speechrate ~ C(rate, Treatment(reference='fast')) + C(sequence, Treatment(reference='bibibi')) + co_me_mean_mm_10 + height_cm_c","C(sequence, Treatment(reference='bibibi'))[T.gugugu]",gugugu minus the model-specific sequence reference,-0.078476846207261711,0.023002355213326279,-0.12356063398497837,-0.033393058429545056,-3.4116874328502069,Wald z,0.00064562098022050087,-7.5476534091551306,-11.623194675939686,-3.2841664867615195,percent change,8123,28,Gaussian,identity,independence,robust sandwich,participant_id,fast,bibibi,all 28 primary speakers,model complete cases,"{""numpy"": ""2.3.5"", ""pandas"": ""2.2.3"", ""patsy"": ""1.0.2"", ""platform"": ""Linux-4.4.0-x86_64-with-glibc2.41"", ""python"": ""3.13.5"", ""scipy"": ""1.17.0"", ""statsmodels"": ""0.14.6""}",analysis/primary/data/analysis_dataset_clean.csv,analysis/primary/data/analysis_dataset_clean.csv=25aaddf2ac0894b19bab058afe1fbe153b5e81b3ed4f744813e4e03c72094084,generate_canonical_empirical_outputs_CURRENT.py,b910303d197117ab53cd187ef56ecfe22465643191eb4f23b2908e102ef7c212,VERIFIED_CANONICAL
primary_demographic_sensitivity_CURRENT.csv,coefficient,primary_and_demographic_sensitivity,primary_independence_gee,log_speechrate,log(syllables/s),"log_speechrate ~ C(rate, Treatment(reference='fast')) + C(sequence, Treatment(reference='bibibi')) + co_me_mean_mm_10 + height_cm_c","C(sequence, Treatment(reference='bibibi'))[T.kukuku]",kukuku minus the model-specific sequence reference,0.092680889814847331,0.028430411403985396,0.036958307397379118,0.14840347223231554,3.2599208114820053,Wald z,0.0011144332411337978,9.7111579922582578,3.7649757617281177,15.998082201082319,percent change,8123,28,Gaussian,identity,independence,robust sandwich,participant_id,fast,bibibi,all 28 primary speakers,model complete cases,"{""numpy"": ""2.3.5"", ""pandas"": ""2.2.3"", ""patsy"": ""1.0.2"", ""platform"": ""Linux-4.4.0-x86_64-with-glibc2.41"", ""python"": ""3.13.5"", ""scipy"": ""1.17.0"", ""statsmodels"": ""0.14.6""}",analysis/primary/data/analysis_dataset_clean.csv,analysis/primary/data/analysis_dataset_clean.csv=25aaddf2ac0894b19bab058afe1fbe153b5e81b3ed4f744813e4e03c72094084,generate_canonical_empirical_outputs_CURRENT.py,b910303d197117ab53cd187ef56ecfe22465643191eb4f23b2908e102ef7c212,VERIFIED_CANONICAL
primary_demographic_sensitivity_CURRENT.csv,coefficient,primary_and_demographic_sensitivity,primary_independence_gee,log_speechrate,log(syllables/s),"log_speechrate ~ C(rate, Treatment(reference='fast')) + C(sequence, Treatment(reference='bibibi')) + co_me_mean_mm_10 + height_cm_c","C(sequence, Treatment(reference='bibibi'))[T.kutapi]",kutapi minus the model-specific sequence reference,0.18587670131784412,0.029072121253935719,0.12889639070594866,0.24285701192973957,6.3936408249769716,Wald z,1.6198167270170626e-10,20.427376585494361,13.757225500139359,27.488631755059,percent change,8123,28,Gaussian,identity,independence,robust sandwich,participant_id,fast,bibibi,all 28 primary speakers,model complete cases,"{""numpy"": ""2.3.5"", ""pandas"": ""2.2.3"", ""patsy"": ""1.0.2"", ""platform"": ""Linux-4.4.0-x86_64-with-glibc2.41"", ""python"": ""3.13.5"", ""scipy"": ""1.17.0"", ""statsmodels"": ""0.14.6""}",analysis/primary/data/analysis_dataset_clean.csv,analysis/primary/data/analysis_dataset_clean.csv=25aaddf2ac0894b19bab058afe1fbe153b5e81b3ed4f744813e4e03c72094084,generate_canonical_empirical_outputs_CURRENT.py,b910303d197117ab53cd187ef56ecfe22465643191eb4f23b2908e102ef7c212,VERIFIED_CANONICAL
primary_demographic_sensitivity_CURRENT.csv,coefficient,primary_and_demographic_sensitivity,primary_independence_gee,log_speechrate,log(syllables/s),"log_speechrate ~ C(rate, Treatment(reference='fast')) + C(sequence, Treatment(reference='bibibi')) + co_me_mean_mm_10 + height_cm_c","C(sequence, Treatment(reference='bibibi'))[T.pipipi]",pipipi minus the model-specific sequence reference,-0.0011077084915165302,0.02253631641484188,-0.045278077008805442,0.043062660025772387,-0.049152153844761418,Wald z,0.96079804084472842,-0.11070952089324848,-4.4268322128375726,4.4003310075447111,percent change,8123,28,Gaussian,identity,independence,robust sandwich,participant_id,fast,bibibi,all 28 primary speakers,model complete cases,"{""numpy"": ""2.3.5"", ""pandas"": ""2.2.3"", ""patsy"": ""1.0.2"", ""platform"": ""Linux-4.4.0-x86_64-with-glibc2.41"", ""python"": ""3.13.5"", ""scipy"": ""1.17.0"", ""statsmodels"": ""0.14.6""}",analysis/primary/data/analysis_dataset_clean.csv,analysis/primary/data/analysis_dataset_clean.csv=25aaddf2ac0894b19bab058afe1fbe153b5e81b3ed4f744813e4e03c72094084,generate_canonical_empirical_outputs_CURRENT.py,b910303d197117ab53cd187ef56ecfe22465643191eb4f23b2908e102ef7c212,VERIFIED_CANONICAL
primary_demographic_sensitivity_CURRENT.csv,coefficient,primary_and_demographic_sensitivity,primary_independence_gee,log_speechrate,log(syllables/s),"log_speechrate ~ C(rate, Treatment(reference='fast')) + C(sequence, Treatment(reference='bibibi')) + co_me_mean_mm_10 + height_cm_c","C(sequence, Treatment(reference='bibibi'))[T.pitaku]",pitaku minus the model-specific sequence reference,0.1352642957978136,0.033911504144396358,0.068798969013215958,0.20172962258241123,3.9887436199188793,Wald z,6.642416361581633e-05,14.483932059162896,7.1220838918715224,22.351715197743282,percent change,8123,28,Gaussian,identity,independence,robust sandwich,participant_id,fast,bibibi,all 28 primary speakers,model complete cases,"{""numpy"": ""2.3.5"", ""pandas"": ""2.2.3"", ""patsy"": ""1.0.2"", ""platform"": ""Linux-4.4.0-x86_64-with-glibc2.41"", ""python"": ""3.13.5"", ""scipy"": ""1.17.0"", ""statsmodels"": ""0.14.6""}",analysis/primary/data/analysis_dataset_clean.csv,analysis/primary/data/analysis_dataset_clean.csv=25aaddf2ac0894b19bab058afe1fbe153b5e81b3ed4f744813e4e03c72094084,generate_canonical_empirical_outputs_CURRENT.py,b910303d197117ab53cd187ef56ecfe22465643191eb4f23b2908e102ef7c212,VERIFIED_CANONICAL
primary_demographic_sensitivity_CURRENT.csv,coefficient,primary_and_demographic_sensitivity,primary_independence_gee,log_speechrate,log(syllables/s),"log_speechrate ~ C(rate, Treatment(reference='fast')) + C(sequence, Treatment(reference='bibibi')) + co_me_mean_mm_10 + height_cm_c","C(sequence, Treatment(reference='bibibi'))[T.takupi]",takupi minus the model-specific sequence reference,0.15940737541427974,0.028916242594236575,0.10273258136135299,0.21608216946720649,5.5127278343574257,Wald z,3.5331437514847296e-08,17.281562562814614,10.819501744452985,24.120436391186839,percent change,8123,28,Gaussian,identity,independence,robust sandwich,participant_id,fast,bibibi,all 28 primary speakers,model complete cases,"{""numpy"": ""2.3.5"", ""pandas"": ""2.2.3"", ""patsy"": ""1.0.2"", ""platform"": ""Linux-4.4.0-x86_64-with-glibc2.41"", ""python"": ""3.13.5"", ""scipy"": ""1.17.0"", ""statsmodels"": ""0.14.6""}",analysis/primary/data/analysis_dataset_clean.csv,analysis/primary/data/analysis_dataset_clean.csv=25aaddf2ac0894b19bab058afe1fbe153b5e81b3ed4f744813e4e03c72094084,generate_canonical_empirical_outputs_CURRENT.py,b910303d197117ab53cd187ef56ecfe22465643191eb4f23b2908e102ef7c212,VERIFIED_CANONICAL
primary_demographic_sensitivity_CURRENT.csv,coefficient,primary_and_demographic_sensitivity,primary_independence_gee,log_speechrate,log(syllables/s),"log_speechrate ~ C(rate, Treatment(reference='fast')) + C(sequence, Treatment(reference='bibibi')) + co_me_mean_mm_10 + height_cm_c","C(sequence, Treatment(reference='bibibi'))[T.tatata]",tatata minus the model-specific sequence reference,-0.041728924067733861,0.029561977919998209,-0.099669336102698652,0.016211487967230931,-1.4115741572049854,Wald z,0.15807538612711403,-4.0870257674729515,-9.4863335424681736,1.6343607122093706,percent change,8123,28,Gaussian,identity,independence,robust sandwich,participant_id,fast,bibibi,all 28 primary speakers,model complete cases,"{""numpy"": ""2.3.5"", ""pandas"": ""2.2.3"", ""patsy"": ""1.0.2"", ""platform"": ""Linux-4.4.0-x86_64-with-glibc2.41"", ""python"": ""3.13.5"", ""scipy"": ""1.17.0"", ""statsmodels"": ""0.14.6""}",analysis/primary/data/analysis_dataset_clean.csv,analysis/primary/data/analysis_dataset_clean.csv=25aaddf2ac0894b19bab058afe1fbe153b5e81b3ed4f744813e4e03c72094084,generate_canonical_empirical_outputs_CURRENT.py,b910303d197117ab53cd187ef56ecfe22465643191eb4f23b2908e102ef7c212,VERIFIED_CANONICAL
primary_demographic_sensitivity_CURRENT.csv,coefficient,primary_and_demographic_sensitivity,primary_independence_gee,log_speechrate,log(syllables/s),"log_speechrate ~ C(rate, Treatment(reference='fast')) + C(sequence, Treatment(reference='bibibi')) + co_me_mean_mm_10 + height_cm_c",co_me_mean_mm_10,Per +10 mm bilateral mean Co--Me,-0.066752447970185244,0.027338059590582907,-0.12033406017493756,-0.013170835765432931,-2.4417405247437292,Wald z,0.014616647984645405,-6.4573260535175088,-11.337579859612267,-1.3084479850330011,percent change,8123,28,Gaussian,identity,independence,robust sandwich,participant_id,fast,bibibi,all 28 primary speakers,model complete cases,"{""numpy"": ""2.3.5"", ""pandas"": ""2.2.3"", ""patsy"": ""1.0.2"", ""platform"": ""Linux-4.4.0-x86_64-with-glibc2.41"", ""python"": ""3.13.5"", ""scipy"": ""1.17.0"", ""statsmodels"": ""0.14.6""}",analysis/primary/data/analysis_dataset_clean.csv,analysis/primary/data/analysis_dataset_clean.csv=25aaddf2ac0894b19bab058afe1fbe153b5e81b3ed4f744813e4e03c72094084,generate_canonical_empirical_outputs_CURRENT.py,b910303d197117ab53cd187ef56ecfe22465643191eb4f23b2908e102ef7c212,VERIFIED_CANONICAL
primary_demographic_sensitivity_CURRENT.csv,coefficient,primary_and_demographic_sensitivity,primary_independence_gee,log_speechrate,log(syllables/s),"log_speechrate ~ C(rate, Treatment(reference='fast')) + C(sequence, Treatment(reference='bibibi')) + co_me_mean_mm_10 + height_cm_c",height_cm_c,"Per +1 cm height, centered as documented for the model input",0.0082154950433582733,0.0048134588850869001,-0.0012187110124763732,0.017649701099192922,1.7067757800552927,Wald z,0.087863735796150172,0.8249334829481425,-0.12179686858015959,1.7806377480071411,percent change,8123,28,Gaussian,identity,independence,robust sandwich,participant_id,fast,bibibi,all 28 primary speakers,model complete cases,"{""numpy"": ""2.3.5"", ""pandas"": ""2.2.3"", ""patsy"": ""1.0.2"", ""platform"": ""Linux-4.4.0-x86_64-with-glibc2.41"", ""python"": ""3.13.5"", ""scipy"": ""1.17.0"", ""statsmodels"": ""0.14.6""}",analysis/primary/data/analysis_dataset_clean.csv,analysis/primary/data/analysis_dataset_clean.csv=25aaddf2ac0894b19bab058afe1fbe153b5e81b3ed4f744813e4e03c72094084,generate_canonical_empirical_outputs_CURRENT.py,b910303d197117ab53cd187ef56ecfe22465643191eb4f23b2908e102ef7c212,VERIFIED_CANONICAL
primary_demographic_sensitivity_CURRENT.csv,coefficient,primary_and_demographic_sensitivity,sex_age_adjusted_independence_gee,log_speechrate,log(syllables/s),"log_speechrate ~ C(rate, Treatment(reference='fast')) + C(sequence, Treatment(reference='bibibi')) + co_me_mean_mm_10 + height_cm_c + C(sex_norm, Treatment(reference='female')) + age_years",Intercept,Intercept at reference categories and centered height = 0,2.1317676061954565,0.39635488068637598,1.3549263149534894,2.9086088974374236,5.3784315775393763,Wald z,7.5137527036333649e-08,742.97541357371006,287.64753078459302,1733.1280130986722,percent change,8123,28,Gaussian,identity,independence,robust sandwich,participant_id,fast,bibibi,all primary speakers with complete demographic covariates,model complete cases,"{""numpy"": ""2.3.5"", ""pandas"": ""2.2.3"", ""patsy"": ""1.0.2"", ""platform"": ""Linux-4.4.0-x86_64-with-glibc2.41"", ""python"": ""3.13.5"", ""scipy"": ""1.17.0"", ""statsmodels"": ""0.14.6""}",analysis/primary/data/analysis_dataset_clean.csv,analysis/primary/data/analysis_dataset_clean.csv=25aaddf2ac0894b19bab058afe1fbe153b5e81b3ed4f744813e4e03c72094084,generate_canonical_empirical_outputs_CURRENT.py,b910303d197117ab53cd187ef56ecfe22465643191eb4f23b2908e102ef7c212,VERIFIED_CANONICAL
primary_demographic_sensitivity_CURRENT.csv,coefficient,primary_and_demographic_sensitivity,sex_age_adjusted_independence_gee,log_speechrate,log(syllables/s),"log_speechrate ~ C(rate, Treatment(reference='fast')) + C(sequence, Treatment(reference='bibibi')) + co_me_mean_mm_10 + height_cm_c + C(sex_norm, Treatment(reference='female')) + age_years","C(rate, Treatment(reference='fast'))[T.normal]",Normal minus maximally fast; fast is the reference,-0.41821430151829564,0.032244481470138073,-0.48141232389993538,-0.3550162791366559,-12.970104726466387,Wald z,1.807831729317525e-38,-34.177884448370364,-38.208991392654866,-29.883797119682054,percent change,8123,28,Gaussian,identity,independence,robust sandwich,participant_id,fast,bibibi,all primary speakers with complete demographic covariates,model complete cases,"{""numpy"": ""2.3.5"", ""pandas"": ""2.2.3"", ""patsy"": ""1.0.2"", ""platform"": ""Linux-4.4.0-x86_64-with-glibc2.41"", ""python"": ""3.13.5"", ""scipy"": ""1.17.0"", ""statsmodels"": ""0.14.6""}",analysis/primary/data/analysis_dataset_clean.csv,analysis/primary/data/analysis_dataset_clean.csv=25aaddf2ac0894b19bab058afe1fbe153b5e81b3ed4f744813e4e03c72094084,generate_canonical_empirical_outputs_CURRENT.py,b910303d197117ab53cd187ef56ecfe22465643191eb4f23b2908e102ef7c212,VERIFIED_CANONICAL
primary_demographic_sensitivity_CURRENT.csv,coefficient,primary_and_demographic_sensitivity,sex_age_adjusted_independence_gee,log_speechrate,log(syllables/s),"log_speechrate ~ C(rate, Treatment(reference='fast')) + C(sequence, Treatment(reference='bibibi')) + co_me_mean_mm_10 + height_cm_c + C(sex_norm, Treatment(reference='female')) + age_years","C(sequence, Treatment(reference='bibibi'))[T.dadada]",dadada minus the model-specific sequence reference,0.032723499466194454,0.025160650077809321,-0.016590468513926725,0.082037467446315626,1.3005824318925392,Wald z,0.19340142366934321,3.326480147063382,-1.6453604615160766,8.549647984872788,percent change,8123,28,Gaussian,identity,independence,robust sandwich,participant_id,fast,bibibi,all primary speakers with complete demographic covariates,model complete cases,"{""numpy"": ""2.3.5"", ""pandas"": ""2.2.3"", ""patsy"": ""1.0.2"", ""platform"": ""Linux-4.4.0-x86_64-with-glibc2.41"", ""python"": ""3.13.5"", ""scipy"": ""1.17.0"", ""statsmodels"": ""0.14.6""}",analysis/primary/data/analysis_dataset_clean.csv,analysis/primary/data/analysis_dataset_clean.csv=25aaddf2ac0894b19bab058afe1fbe153b5e81b3ed4f744813e4e03c72094084,generate_canonical_empirical_outputs_CURRENT.py,b910303d197117ab53cd187ef56ecfe22465643191eb4f23b2908e102ef7c212,VERIFIED_CANONICAL
primary_demographic_sensitivity_CURRENT.csv,coefficient,primary_and_demographic_sensitivity,sex_age_adjusted_independence_gee,log_speechrate,log(syllables/s),"log_speechrate ~ C(rate, Treatment(reference='fast')) + C(sequence, Treatment(reference='bibibi')) + co_me_mean_mm_10 + height_cm_c + C(sex_norm, Treatment(reference='female')) + age_years","C(sequence, Treatment(reference='bibibi'))[T.gugugu]",gugugu minus the model-specific sequence reference,-0.076836774399310526,0.02319457882909064,-0.1222973135409034,-0.031376235257717655,-3.3127040143941673,Wald z,0.0009239870862236604,-7.395900513125131,-11.511475897541789,-3.088910920859278,percent change,8123,28,Gaussian,identity,independence,robust sandwich,participant_id,fast,bibibi,all primary speakers with complete demographic covariates,model complete cases,"{""numpy"": ""2.3.5"", ""pandas"": ""2.2.3"", ""patsy"": ""1.0.2"", ""platform"": ""Linux-4.4.0-x86_64-with-glibc2.41"", ""python"": ""3.13.5"", ""scipy"": ""1.17.0"", ""statsmodels"": ""0.14.6""}",analysis/primary/data/analysis_dataset_clean.csv,analysis/primary/data/analysis_dataset_clean.csv=25aaddf2ac0894b19bab058afe1fbe153b5e81b3ed4f744813e4e03c72094084,generate_canonical_empirical_outputs_CURRENT.py,b910303d197117ab53cd187ef56ecfe22465643191eb4f23b2908e102ef7c212,VERIFIED_CANONICAL
primary_demographic_sensitivity_CURRENT.csv,coefficient,primary_and_demographic_sensitivity,sex_age_adjusted_independence_gee,log_speechrate,log(syllables/s),"log_speechrate ~ C(rate, Treatment(reference='fast')) + C(sequence, Treatment(reference='bibibi')) + co_me_mean_mm_10 + height_cm_c + C(sex_norm, Treatment(reference='female')) + age_years","C(sequence, Treatment(reference='bibibi'))[T.kukuku]",kukuku minus the model-specific sequence reference,0.093432632349015901,0.028311645464941103,0.037942826894664584,0.14892243780336722,3.300148430606602,Wald z,0.00096633704608230014,9.793663543774688,3.867184708595639,16.058296835362285,percent change,8123,28,Gaussian,identity,independence,robust sandwich,participant_id,fast,bibibi,all primary speakers with complete demographic covariates,model complete cases,"{""numpy"": ""2.3.5"", ""pandas"": ""2.2.3"", ""patsy"": ""1.0.2"", ""platform"": ""Linux-4.4.0-x86_64-with-glibc2.41"", ""python"": ""3.13.5"", ""scipy"": ""1.17.0"", ""statsmodels"": ""0.14.6""}",analysis/primary/data/analysis_dataset_clean.csv,analysis/primary/data/analysis_dataset_clean.csv=25aaddf2ac0894b19bab058afe1fbe153b5e81b3ed4f744813e4e03c72094084,generate_canonical_empirical_outputs_CURRENT.py,b910303d197117ab53cd187ef56ecfe22465643191eb4f23b2908e102ef7c212,VERIFIED_CANONICAL
primary_demographic_sensitivity_CURRENT.csv,coefficient,primary_and_demographic_sensitivity,sex_age_adjusted_independence_gee,log_speechrate,log(syllables/s),"log_speechrate ~ C(rate, Treatment(reference='fast')) + C(sequence, Treatment(reference='bibibi')) + co_me_mean_mm_10 + height_cm_c + C(sex_norm, Treatment(reference='female')) + age_years","C(sequence, Treatment(reference='bibibi'))[T.kutapi]",kutapi minus the model-specific sequence reference,0.18694586946488687,0.0284754430113414,0.13113502671883492,0.24275671221093881,6.5651610544014627,Wald z,5.1976653380721268e-11,20.556202556611925,14.012171781361493,27.4758453223922,percent change,8123,28,Gaussian,identity,independence,robust sandwich,participant_id,fast,bibibi,all primary speakers with complete demographic covariates,model complete cases,"{""numpy"": ""2.3.5"", ""pandas"": ""2.2.3"", ""patsy"": ""1.0.2"", ""platform"": ""Linux-4.4.0-x86_64-with-glibc2.41"", ""python"": ""3.13.5"", ""scipy"": ""1.17.0"", ""statsmodels"": ""0.14.6""}",analysis/primary/data/analysis_dataset_clean.csv,analysis/primary/data/analysis_dataset_clean.csv=25aaddf2ac0894b19bab058afe1fbe153b5e81b3ed4f744813e4e03c72094084,generate_canonical_empirical_outputs_CURRENT.py,b910303d197117ab53cd187ef56ecfe22465643191eb4f23b2908e102ef7c212,VERIFIED_CANONICAL
primary_demographic_sensitivity_CURRENT.csv,coefficient,primary_and_demographic_sensitivity,sex_age_adjusted_independence_gee,log_speechrate,log(syllables/s),"log_speechrate ~ C(rate, Treatment(reference='fast')) + C(sequence, Treatment(reference='bibibi')) + co_me_mean_mm_10 + height_cm_c + C(sex_norm, Treatment(reference='female')) + age_years","C(sequence, Treatment(reference='bibibi'))[T.pipipi]",pipipi minus the model-specific sequence reference,-0.00019786815953098811,0.021988288771277762,-0.043294122232901883,0.042898385913839904,-0.0089987975685244647,Wald z,0.99282009525723047,-0.019784858491778134,-4.2370311540554262,4.3831821444786812,percent change,8123,28,Gaussian,identity,independence,robust sandwich,participant_id,fast,bibibi,all primary speakers with complete demographic covariates,model complete cases,"{""numpy"": ""2.3.5"", ""pandas"": ""2.2.3"", ""patsy"": ""1.0.2"", ""platform"": ""Linux-4.4.0-x86_64-with-glibc2.41"", ""python"": ""3.13.5"", ""scipy"": ""1.17.0"", ""statsmodels"": ""0.14.6""}",analysis/primary/data/analysis_dataset_clean.csv,analysis/primary/data/analysis_dataset_clean.csv=25aaddf2ac0894b19bab058afe1fbe153b5e81b3ed4f744813e4e03c72094084,generate_canonical_empirical_outputs_CURRENT.py,b910303d197117ab53cd187ef56ecfe22465643191eb4f23b2908e102ef7c212,VERIFIED_CANONICAL
primary_demographic_sensitivity_CURRENT.csv,coefficient,primary_and_demographic_sensitivity,sex_age_adjusted_independence_gee,log_speechrate,log(syllables/s),"log_speechrate ~ C(rate, Treatment(reference='fast')) + C(sequence, Treatment(reference='bibibi')) + co_me_mean_mm_10 + height_cm_c + C(sex_norm, Treatment(reference='female')) + age_years","C(sequence, Treatment(reference='bibibi'))[T.pitaku]",pitaku minus the model-specific sequence reference,0.1359302703659078,0.033126804233444669,0.071002927145447245,0.20085761358636833,4.1033318338831251,Wald z,4.0724249156957698e-05,14.560200840085047,7.3584368401354183,22.245069905994221,percent change,8123,28,Gaussian,identity,independence,robust sandwich,participant_id,fast,bibibi,all primary speakers with complete demographic covariates,model complete cases,"{""numpy"": ""2.3.5"", ""pandas"": ""2.2.3"", ""patsy"": ""1.0.2"", ""platform"": ""Linux-4.4.0-x86_64-with-glibc2.41"", ""python"": ""3.13.5"", ""scipy"": ""1.17.0"", ""statsmodels"": ""0.14.6""}",analysis/primary/data/analysis_dataset_clean.csv,analysis/primary/data/analysis_dataset_clean.csv=25aaddf2ac0894b19bab058afe1fbe153b5e81b3ed4f744813e4e03c72094084,generate_canonical_empirical_outputs_CURRENT.py,b910303d197117ab53cd187ef56ecfe22465643191eb4f23b2908e102ef7c212,VERIFIED_CANONICAL
primary_demographic_sensitivity_CURRENT.csv,coefficient,primary_and_demographic_sensitivity,sex_age_adjusted_independence_gee,log_speechrate,log(syllables/s),"log_speechrate ~ C(rate, Treatment(reference='fast')) + C(sequence, Treatment(reference='bibibi')) + co_me_mean_mm_10 + height_cm_c + C(sex_norm, Treatment(reference='female')) + age_years","C(sequence, Treatment(reference='bibibi'))[T.takupi]",takupi minus the model-specific sequence reference,0.16052400626814081,0.028193735427627268,0.10526530024034039,0.21578271229594123,5.6936054706267143,Wald z,1.2438431937298633e-08,17.412595918490137,11.100532123928675,24.083273201078548,percent change,8123,28,Gaussian,identity,independence,robust sandwich,participant_id,fast,bibibi,all primary speakers with complete demographic covariates,model complete cases,"{""numpy"": ""2.3.5"", ""pandas"": ""2.2.3"", ""patsy"": ""1.0.2"", ""platform"": ""Linux-4.4.0-x86_64-with-glibc2.41"", ""python"": ""3.13.5"", ""scipy"": ""1.17.0"", ""statsmodels"": ""0.14.6""}",analysis/primary/data/analysis_dataset_clean.csv,analysis/primary/data/analysis_dataset_clean.csv=25aaddf2ac0894b19bab058afe1fbe153b5e81b3ed4f744813e4e03c72094084,generate_canonical_empirical_outputs_CURRENT.py,b910303d197117ab53cd187ef56ecfe22465643191eb4f23b2908e102ef7c212,VERIFIED_CANONICAL
primary_demographic_sensitivity_CURRENT.csv,coefficient,primary_and_demographic_sensitivity,sex_age_adjusted_independence_gee,log_speechrate,log(syllables/s),"log_speechrate ~ C(rate, Treatment(reference='fast')) + C(sequence, Treatment(reference='bibibi')) + co_me_mean_mm_10 + height_cm_c + C(sex_norm, Treatment(reference='female')) + age_years","C(sequence, Treatment(reference='bibibi'))[T.tatata]",tatata minus the model-specific sequence reference,-0.040373505888550688,0.029358717532248783,-0.097915534884042948,0.017168523106941579,-1.3751794792876366,Wald z,0.16907580858634597,-3.956935435094322,-9.3274512807022152,1.7316749259464137,percent change,8123,28,Gaussian,identity,independence,robust sandwich,participant_id,fast,bibibi,all primary speakers with complete demographic covariates,model complete cases,"{""numpy"": ""2.3.5"", ""pandas"": ""2.2.3"", ""patsy"": ""1.0.2"", ""platform"": ""Linux-4.4.0-x86_64-with-glibc2.41"", ""python"": ""3.13.5"", ""scipy"": ""1.17.0"", ""statsmodels"": ""0.14.6""}",analysis/primary/data/analysis_dataset_clean.csv,analysis/primary/data/analysis_dataset_clean.csv=25aaddf2ac0894b19bab058afe1fbe153b5e81b3ed4f744813e4e03c72094084,generate_canonical_empirical_outputs_CURRENT.py,b910303d197117ab53cd187ef56ecfe22465643191eb4f23b2908e102ef7c212,VERIFIED_CANONICAL
primary_demographic_sensitivity_CURRENT.csv,coefficient,primary_and_demographic_sensitivity,sex_age_adjusted_independence_gee,log_speechrate,log(syllables/s),"log_speechrate ~ C(rate, Treatment(reference='fast')) + C(sequence, Treatment(reference='bibibi')) + co_me_mean_mm_10 + height_cm_c + C(sex_norm, Treatment(reference='female')) + age_years","C(sex_norm, Treatment(reference='female'))[T.male]",Male minus female,-0.31285706722486689,0.15284016875474921,-0.61241829337519937,-0.013295841074534354,-2.0469557824611173,Wald z,0.040662426264216289,-26.864556038180599,-45.796152521579394,-1.3207841819372068,percent change,8123,28,Gaussian,identity,independence,robust sandwich,participant_id,fast,bibibi,all primary speakers with complete demographic covariates,model complete cases,"{""numpy"": ""2.3.5"", ""pandas"": ""2.2.3"", ""patsy"": ""1.0.2"", ""platform"": ""Linux-4.4.0-x86_64-with-glibc2.41"", ""python"": ""3.13.5"", ""scipy"": ""1.17.0"", ""statsmodels"": ""0.14.6""}",analysis/primary/data/analysis_dataset_clean.csv,analysis/primary/data/analysis_dataset_clean.csv=25aaddf2ac0894b19bab058afe1fbe153b5e81b3ed4f744813e4e03c72094084,generate_canonical_empirical_outputs_CURRENT.py,b910303d197117ab53cd187ef56ecfe22465643191eb4f23b2908e102ef7c212,VERIFIED_CANONICAL
primary_demographic_sensitivity_CURRENT.csv,coefficient,primary_and_demographic_sensitivity,sex_age_adjusted_independence_gee,log_speechrate,log(syllables/s),"log_speechrate ~ C(rate, Treatment(reference='fast')) + C(sequence, Treatment(reference='bibibi')) + co_me_mean_mm_10 + height_cm_c + C(sex_norm, Treatment(reference='female')) + age_years",co_me_mean_mm_10,Per +10 mm bilateral mean Co--Me,-0.059330162861926765,0.026101006048783154,-0.11048719467780385,-0.008173131046049685,-2.2730986978447438,Wald z,0.023020232890878258,-5.7604426232355843,-10.460220402665454,-0.81398218191673921,percent change,8123,28,Gaussian,identity,independence,robust sandwich,participant_id,fast,bibibi,all primary speakers with complete demographic covariates,model complete cases,"{""numpy"": ""2.3.5"", ""pandas"": ""2.2.3"", ""patsy"": ""1.0.2"", ""platform"": ""Linux-4.4.0-x86_64-with-glibc2.41"", ""python"": ""3.13.5"", ""scipy"": ""1.17.0"", ""statsmodels"": ""0.14.6""}",analysis/primary/data/analysis_dataset_clean.csv,analysis/primary/data/analysis_dataset_clean.csv=25aaddf2ac0894b19bab058afe1fbe153b5e81b3ed4f744813e4e03c72094084,generate_canonical_empirical_outputs_CURRENT.py,b910303d197117ab53cd187ef56ecfe22465643191eb4f23b2908e102ef7c212,VERIFIED_CANONICAL
primary_demographic_sensitivity_CURRENT.csv,coefficient,primary_and_demographic_sensitivity,sex_age_adjusted_independence_gee,log_speechrate,log(syllables/s),"log_speechrate ~ C(rate, Treatment(reference='fast')) + C(sequence, Treatment(reference='bibibi')) + co_me_mean_mm_10 + height_cm_c + C(sex_norm, Treatment(reference='female')) + age_years",height_cm_c,"Per +1 cm height, centered as documented for the model input",0.019599414451620556,0.0066350449916187538,0.0065949652322449346,0.032603863670996179,2.9539233684742325,Wald z,0.0031376190697500169,1.9792743957807835,0.66167599008031264,3.3141193408581238,percent change,8123,28,Gaussian,identity,independence,robust sandwich,participant_id,fast,bibibi,all primary speakers with complete demographic covariates,model complete cases,"{""numpy"": ""2.3.5"", ""pandas"": ""2.2.3"", ""patsy"": ""1.0.2"", ""platform"": ""Linux-4.4.0-x86_64-with-glibc2.41"", ""python"": ""3.13.5"", ""scipy"": ""1.17.0"", ""statsmodels"": ""0.14.6""}",analysis/primary/data/analysis_dataset_clean.csv,analysis/primary/data/analysis_dataset_clean.csv=25aaddf2ac0894b19bab058afe1fbe153b5e81b3ed4f744813e4e03c72094084,generate_canonical_empirical_outputs_CURRENT.py,b910303d197117ab53cd187ef56ecfe22465643191eb4f23b2908e102ef7c212,VERIFIED_CANONICAL
primary_demographic_sensitivity_CURRENT.csv,coefficient,primary_and_demographic_sensitivity,sex_age_adjusted_independence_gee,log_speechrate,log(syllables/s),"log_speechrate ~ C(rate, Treatment(reference='fast')) + C(sequence, Treatment(reference='bibibi')) + co_me_mean_mm_10 + height_cm_c + C(sex_norm, Treatment(reference='female')) + age_years",age_years,Per +1 year age,-0.0067309405579244067,0.0089309078078951293,-0.024235198210646423,0.010773317094797612,-0.75366812676916217,Wald z,0.45104852524863326,-0.67083385169569576,-2.3943883893039142,1.0831558237605288,percent change,8123,28,Gaussian,identity,independence,robust sandwich,participant_id,fast,bibibi,all primary speakers with complete demographic covariates,model complete cases,"{""numpy"": ""2.3.5"", ""pandas"": ""2.2.3"", ""patsy"": ""1.0.2"", ""platform"": ""Linux-4.4.0-x86_64-with-glibc2.41"", ""python"": ""3.13.5"", ""scipy"": ""1.17.0"", ""statsmodels"": ""0.14.6""}",analysis/primary/data/analysis_dataset_clean.csv,analysis/primary/data/analysis_dataset_clean.csv=25aaddf2ac0894b19bab058afe1fbe153b5e81b3ed4f744813e4e03c72094084,generate_canonical_empirical_outputs_CURRENT.py,b910303d197117ab53cd187ef56ecfe22465643191eb4f23b2908e102ef7c212,VERIFIED_CANONICAL
primary_demographic_sensitivity_CURRENT.csv,coefficient,primary_and_demographic_sensitivity,female_only_independence_gee,log_speechrate,log(syllables/s),"log_speechrate ~ C(rate, Treatment(reference='fast')) + C(sequence, Treatment(reference='bibibi')) + co_me_mean_mm_10 + height_cm_c",Intercept,Intercept at reference categories and centered height = 0,2.0281514576307598,0.30696051634536214,1.4265199009180314,2.6297830143434879,6.6072063005943109,Wald z,3.9164011183409024e-11,660.00243986115686,316.41821796735127,1287.0759819643567,percent change,6103,21,Gaussian,identity,independence,robust sandwich,participant_id,fast,bibibi,female speakers only,model complete cases,"{""numpy"": ""2.3.5"", ""pandas"": ""2.2.3"", ""patsy"": ""1.0.2"", ""platform"": ""Linux-4.4.0-x86_64-with-glibc2.41"", ""python"": ""3.13.5"", ""scipy"": ""1.17.0"", ""statsmodels"": ""0.14.6""}",analysis/primary/data/analysis_dataset_clean.csv,analysis/primary/data/analysis_dataset_clean.csv=25aaddf2ac0894b19bab058afe1fbe153b5e81b3ed4f744813e4e03c72094084,generate_canonical_empirical_outputs_CURRENT.py,b910303d197117ab53cd187ef56ecfe22465643191eb4f23b2908e102ef7c212,VERIFIED_CANONICAL
primary_demographic_sensitivity_CURRENT.csv,coefficient,primary_and_demographic_sensitivity,female_only_independence_gee,log_speechrate,log(syllables/s),"log_speechrate ~ C(rate, Treatment(reference='fast')) + C(sequence, Treatment(reference='bibibi')) + co_me_mean_mm_10 + height_cm_c","C(rate, Treatment(reference='fast'))[T.normal]",Normal minus maximally fast; fast is the reference,-0.43559925542758582,0.040742738179648158,-0.51545355489124123,-0.35574495596393041,-10.691457542860404,Wald z,1.1160314141903528e-26,-35.312309359134964,-40.277034325172842,-29.934870561660709,percent change,6103,21,Gaussian,identity,independence,robust sandwich,participant_id,fast,bibibi,female speakers only,model complete cases,"{""numpy"": ""2.3.5"", ""pandas"": ""2.2.3"", ""patsy"": ""1.0.2"", ""platform"": ""Linux-4.4.0-x86_64-with-glibc2.41"", ""python"": ""3.13.5"", ""scipy"": ""1.17.0"", ""statsmodels"": ""0.14.6""}",analysis/primary/data/analysis_dataset_clean.csv,analysis/primary/data/analysis_dataset_clean.csv=25aaddf2ac0894b19bab058afe1fbe153b5e81b3ed4f744813e4e03c72094084,generate_canonical_empirical_outputs_CURRENT.py,b910303d197117ab53cd187ef56ecfe22465643191eb4f23b2908e102ef7c212,VERIFIED_CANONICAL
primary_demographic_sensitivity_CURRENT.csv,coefficient,primary_and_demographic_sensitivity,female_only_independence_gee,log_speechrate,log(syllables/s),"log_speechrate ~ C(rate, Treatment(reference='fast')) + C(sequence, Treatment(reference='bibibi')) + co_me_mean_mm_10 + height_cm_c","C(sequence, Treatment(reference='bibibi'))[T.dadada]",dadada minus the model-specific sequence reference,0.047102194403687715,0.03232155363117413,-0.016246886637793383,0.11045127544516881,1.4572998235535826,Wald z,0.14503363552725076,4.8229126756685892,-1.6115617839629892,11.67819330239006,percent change,6103,21,Gaussian,identity,independence,robust sandwich,participant_id,fast,bibibi,female speakers only,model complete cases,"{""numpy"": ""2.3.5"", ""pandas"": ""2.2.3"", ""patsy"": ""1.0.2"", ""platform"": ""Linux-4.4.0-x86_64-with-glibc2.41"", ""python"": ""3.13.5"", ""scipy"": ""1.17.0"", ""statsmodels"": ""0.14.6""}",analysis/primary/data/analysis_dataset_clean.csv,analysis/primary/data/analysis_dataset_clean.csv=25aaddf2ac0894b19bab058afe1fbe153b5e81b3ed4f744813e4e03c72094084,generate_canonical_empirical_outputs_CURRENT.py,b910303d197117ab53cd187ef56ecfe22465643191eb4f23b2908e102ef7c212,VERIFIED_CANONICAL
primary_demographic_sensitivity_CURRENT.csv,coefficient,primary_and_demographic_sensitivity,female_only_independence_gee,log_speechrate,log(syllables/s),"log_speechrate ~ C(rate, Treatment(reference='fast')) + C(sequence, Treatment(reference='bibibi')) + co_me_mean_mm_10 + height_cm_c","C(sequence, Treatment(reference='bibibi'))[T.gugugu]",gugugu minus the model-specific sequence reference,-0.050919351752747762,0.026888094523357556,-0.10361904863143724,0.001780345125941718,-1.8937508460673689,Wald z,0.058258088832138497,-4.9644688067937759,-9.8431314165368988,0.17819308812496715,percent change,6103,21,Gaussian,identity,independence,robust sandwich,participant_id,fast,bibibi,female speakers only,model complete cases,"{""numpy"": ""2.3.5"", ""pandas"": ""2.2.3"", ""patsy"": ""1.0.2"", ""platform"": ""Linux-4.4.0-x86_64-with-glibc2.41"", ""python"": ""3.13.5"", ""scipy"": ""1.17.0"", ""statsmodels"": ""0.14.6""}",analysis/primary/data/analysis_dataset_clean.csv,analysis/primary/data/analysis_dataset_clean.csv=25aaddf2ac0894b19bab058afe1fbe153b5e81b3ed4f744813e4e03c72094084,generate_canonical_empirical_outputs_CURRENT.py,b910303d197117ab53cd187ef56ecfe22465643191eb4f23b2908e102ef7c212,VERIFIED_CANONICAL
primary_demographic_sensitivity_CURRENT.csv,coefficient,primary_and_demographic_sensitivity,female_only_independence_gee,log_speechrate,log(syllables/s),"log_speechrate ~ C(rate, Treatment(reference='fast')) + C(sequence, Treatment(reference='bibibi')) + co_me_mean_mm_10 + height_cm_c","C(sequence, Treatment(reference='bibibi'))[T.kukuku]",kukuku minus the model-specific sequence reference,0.12251583638902412,0.033688130451852219,0.056488313996906708,0.18854335878114153,3.6367656722336172,Wald z,0.00027608287426462823,13.03370203890557,5.8114249601582513,20.748943712183589,percent change,6103,21,Gaussian,identity,independence,robust sandwich,participant_id,fast,bibibi,female speakers only,model complete cases,"{""numpy"": ""2.3.5"", ""pandas"": ""2.2.3"", ""patsy"": ""1.0.2"", ""platform"": ""Linux-4.4.0-x86_64-with-glibc2.41"", ""python"": ""3.13.5"", ""scipy"": ""1.17.0"", ""statsmodels"": ""0.14.6""}",analysis/primary/data/analysis_dataset_clean.csv,analysis/primary/data/analysis_dataset_clean.csv=25aaddf2ac0894b19bab058afe1fbe153b5e81b3ed4f744813e4e03c72094084,generate_canonical_empirical_outputs_CURRENT.py,b910303d197117ab53cd187ef56ecfe22465643191eb4f23b2908e102ef7c212,VERIFIED_CANONICAL
primary_demographic_sensitivity_CURRENT.csv,coefficient,primary_and_demographic_sensitivity,female_only_independence_gee,log_speechrate,log(syllables/s),"log_speechrate ~ C(rate, Treatment(reference='fast')) + C(sequence, Treatment(reference='bibibi')) + co_me_mean_mm_10 + height_cm_c","C(sequence, Treatment(reference='bibibi'))[T.kutapi]",kutapi minus the model-specific sequence reference,0.18532778119610038,0.034683534094098141,0.11734930351510098,0.25330625887709979,5.3433938044865021,Wald z,9.1222281662327098e-08,20.361289715143638,12.451215714526809,28.82777629251796,percent change,6103,21,Gaussian,identity,independence,robust sandwich,participant_id,fast,bibibi,female speakers only,model complete cases,"{""numpy"": ""2.3.5"", ""pandas"": ""2.2.3"", ""patsy"": ""1.0.2"", ""platform"": ""Linux-4.4.0-x86_64-with-glibc2.41"", ""python"": ""3.13.5"", ""scipy"": ""1.17.0"", ""statsmodels"": ""0.14.6""}",analysis/primary/data/analysis_dataset_clean.csv,analysis/primary/data/analysis_dataset_clean.csv=25aaddf2ac0894b19bab058afe1fbe153b5e81b3ed4f744813e4e03c72094084,generate_canonical_empirical_outputs_CURRENT.py,b910303d197117ab53cd187ef56ecfe22465643191eb4f23b2908e102ef7c212,VERIFIED_CANONICAL
primary_demographic_sensitivity_CURRENT.csv,coefficient,primary_and_demographic_sensitivity,female_only_independence_gee,log_speechrate,log(syllables/s),"log_speechrate ~ C(rate, Treatment(reference='fast')) + C(sequence, Treatment(reference='bibibi')) + co_me_mean_mm_10 + height_cm_c","C(sequence, Treatment(reference='bibibi'))[T.pipipi]",pipipi minus the model-specific sequence reference,0.031733015385546903,0.017674738870208526,-0.0029088362362119716,0.066374867007305771,1.7953880743909694,Wald z,0.072591891189133423,3.224187581310245,-0.29046096712090907,6.8627235184386626,percent change,6103,21,Gaussian,identity,independence,robust sandwich,participant_id,fast,bibibi,female speakers only,model complete cases,"{""numpy"": ""2.3.5"", ""pandas"": ""2.2.3"", ""patsy"": ""1.0.2"", ""platform"": ""Linux-4.4.0-x86_64-with-glibc2.41"", ""python"": ""3.13.5"", ""scipy"": ""1.17.0"", ""statsmodels"": ""0.14.6""}",analysis/primary/data/analysis_dataset_clean.csv,analysis/primary/data/analysis_dataset_clean.csv=25aaddf2ac0894b19bab058afe1fbe153b5e81b3ed4f744813e4e03c72094084,generate_canonical_empirical_outputs_CURRENT.py,b910303d197117ab53cd187ef56ecfe22465643191eb4f23b2908e102ef7c212,VERIFIED_CANONICAL
primary_demographic_sensitivity_CURRENT.csv,coefficient,primary_and_demographic_sensitivity,female_only_independence_gee,log_speechrate,log(syllables/s),"log_speechrate ~ C(rate, Treatment(reference='fast')) + C(sequence, Treatment(reference='bibibi')) + co_me_mean_mm_10 + height_cm_c","C(sequence, Treatment(reference='bibibi'))[T.pitaku]",pitaku minus the model-specific sequence reference,0.16264138921132257,0.03219751235532943,0.099535424603093475,0.22574735381955166,5.0513650687178533,Wald z,4.3866375922911539e-07,17.661466730828757,10.465760210395114,25.325899417900779,percent change,6103,21,Gaussian,identity,independence,robust sandwich,participant_id,fast,bibibi,female speakers only,model complete cases,"{""numpy"": ""2.3.5"", ""pandas"": ""2.2.3"", ""patsy"": ""1.0.2"", ""platform"": ""Linux-4.4.0-x86_64-with-glibc2.41"", ""python"": ""3.13.5"", ""scipy"": ""1.17.0"", ""statsmodels"": ""0.14.6""}",analysis/primary/data/analysis_dataset_clean.csv,analysis/primary/data/analysis_dataset_clean.csv=25aaddf2ac0894b19bab058afe1fbe153b5e81b3ed4f744813e4e03c72094084,generate_canonical_empirical_outputs_CURRENT.py,b910303d197117ab53cd187ef56ecfe22465643191eb4f23b2908e102ef7c212,VERIFIED_CANONICAL
primary_demographic_sensitivity_CURRENT.csv,coefficient,primary_and_demographic_sensitivity,female_only_independence_gee,log_speechrate,log(syllables/s),"log_speechrate ~ C(rate, Treatment(reference='fast')) + C(sequence, Treatment(reference='bibibi')) + co_me_mean_mm_10 + height_cm_c","C(sequence, Treatment(reference='bibibi'))[T.takupi]",takupi minus the model-specific sequence reference,0.15914724497162469,0.032873385745197929,0.094716592861144339,0.22357789708210504,4.8412185530622613,Wald z,1.2904534897655309e-06,17.251058025781241,9.9347248114165954,25.054305013709598,percent change,6103,21,Gaussian,identity,independence,robust sandwich,participant_id,fast,bibibi,female speakers only,model complete cases,"{""numpy"": ""2.3.5"", ""pandas"": ""2.2.3"", ""patsy"": ""1.0.2"", ""platform"": ""Linux-4.4.0-x86_64-with-glibc2.41"", ""python"": ""3.13.5"", ""scipy"": ""1.17.0"", ""statsmodels"": ""0.14.6""}",analysis/primary/data/analysis_dataset_clean.csv,analysis/primary/data/analysis_dataset_clean.csv=25aaddf2ac0894b19bab058afe1fbe153b5e81b3ed4f744813e4e03c72094084,generate_canonical_empirical_outputs_CURRENT.py,b910303d197117ab53cd187ef56ecfe22465643191eb4f23b2908e102ef7c212,VERIFIED_CANONICAL
primary_demographic_sensitivity_CURRENT.csv,coefficient,primary_and_demographic_sensitivity,female_only_independence_gee,log_speechrate,log(syllables/s),"log_speechrate ~ C(rate, Treatment(reference='fast')) + C(sequence, Treatment(reference='bibibi')) + co_me_mean_mm_10 + height_cm_c","C(sequence, Treatment(reference='bibibi'))[T.tatata]",tatata minus the model-specific sequence reference,0.00036336151273677744,0.030175194601837766,-0.058778933133352702,0.059505656158826255,0.012041728894588389,Wald z,0.9903923226209117,0.036342753652784943,-5.7084806574274278,6.1311763910460559,percent change,6103,21,Gaussian,identity,independence,robust sandwich,participant_id,fast,bibibi,female speakers only,model complete cases,"{""numpy"": ""2.3.5"", ""pandas"": ""2.2.3"", ""patsy"": ""1.0.2"", ""platform"": ""Linux-4.4.0-x86_64-with-glibc2.41"", ""python"": ""3.13.5"", ""scipy"": ""1.17.0"", ""statsmodels"": ""0.14.6""}",analysis/primary/data/analysis_dataset_clean.csv,analysis/primary/data/analysis_dataset_clean.csv=25aaddf2ac0894b19bab058afe1fbe153b5e81b3ed4f744813e4e03c72094084,generate_canonical_empirical_outputs_CURRENT.py,b910303d197117ab53cd187ef56ecfe22465643191eb4f23b2908e102ef7c212,VERIFIED_CANONICAL
primary_demographic_sensitivity_CURRENT.csv,coefficient,primary_and_demographic_sensitivity,female_only_independence_gee,log_speechrate,log(syllables/s),"log_speechrate ~ C(rate, Treatment(reference='fast')) + C(sequence, Treatment(reference='bibibi')) + co_me_mean_mm_10 + height_cm_c",co_me_mean_mm_10,Per +10 mm bilateral mean Co--Me,-0.066389724757033461,0.028576460622950762,-0.122398558383644,-0.010380891130422933,-2.3232311948287094,Wald z,0.020166735812590143,-6.4233897998954408,-11.520434450737582,-1.0327195643049736,percent change,6103,21,Gaussian,identity,independence,robust sandwich,participant_id,fast,bibibi,female speakers only,model complete cases,"{""numpy"": ""2.3.5"", ""pandas"": ""2.2.3"", ""patsy"": ""1.0.2"", ""platform"": ""Linux-4.4.0-x86_64-with-glibc2.41"", ""python"": ""3.13.5"", ""scipy"": ""1.17.0"", ""statsmodels"": ""0.14.6""}",analysis/primary/data/analysis_dataset_clean.csv,analysis/primary/data/analysis_dataset_clean.csv=25aaddf2ac0894b19bab058afe1fbe153b5e81b3ed4f744813e4e03c72094084,generate_canonical_empirical_outputs_CURRENT.py,b910303d197117ab53cd187ef56ecfe22465643191eb4f23b2908e102ef7c212,VERIFIED_CANONICAL
primary_demographic_sensitivity_CURRENT.csv,coefficient,primary_and_demographic_sensitivity,female_only_independence_gee,log_speechrate,log(syllables/s),"log_speechrate ~ C(rate, Treatment(reference='fast')) + C(sequence, Treatment(reference='bibibi')) + co_me_mean_mm_10 + height_cm_c",height_cm_c,"Per +1 cm height, centered as documented for the model input",0.016393373608923303,0.0061004126085497795,0.0044367846053316919,0.028349962612514913,2.6872565285088834,Wald z,0.0072041601210626402,1.6528482243810538,0.44466417067023922,2.8755647444970389,percent change,6103,21,Gaussian,identity,independence,robust sandwich,participant_id,fast,bibibi,female speakers only,model complete cases,"{""numpy"": ""2.3.5"", ""pandas"": ""2.2.3"", ""patsy"": ""1.0.2"", ""platform"": ""Linux-4.4.0-x86_64-with-glibc2.41"", ""python"": ""3.13.5"", ""scipy"": ""1.17.0"", ""statsmodels"": ""0.14.6""}",analysis/primary/data/analysis_dataset_clean.csv,analysis/primary/data/analysis_dataset_clean.csv=25aaddf2ac0894b19bab058afe1fbe153b5e81b3ed4f744813e4e03c72094084,generate_canonical_empirical_outputs_CURRENT.py,b910303d197117ab53cd187ef56ecfe22465643191eb4f23b2908e102ef7c212,VERIFIED_CANONICAL
primary_demographic_sensitivity_CURRENT.csv,coefficient,primary_and_demographic_sensitivity,primary_independence_gee,log_articulationrate,log(syllables/s),"log_articulationrate ~ C(rate, Treatment(reference='fast')) + C(sequence, Treatment(reference='bibibi')) + co_me_mean_mm_10 + height_cm_c",Intercept,Intercept at reference categories and centered height = 0,2.0014455230766925,0.21108465733693976,1.5877271970073121,2.4151638491460732,9.4817195542635968,Wald z,2.50126730095792e-21,639.97448736106458,389.26163289817282,1019.1603942082073,percent change,8123,28,Gaussian,identity,independence,robust sandwich,participant_id,fast,bibibi,all 28 primary speakers,model complete cases,"{""numpy"": ""2.3.5"", ""pandas"": ""2.2.3"", ""patsy"": ""1.0.2"", ""platform"": ""Linux-4.4.0-x86_64-with-glibc2.41"", ""python"": ""3.13.5"", ""scipy"": ""1.17.0"", ""statsmodels"": ""0.14.6""}",analysis/primary/data/analysis_dataset_clean.csv,analysis/primary/data/analysis_dataset_clean.csv=25aaddf2ac0894b19bab058afe1fbe153b5e81b3ed4f744813e4e03c72094084,generate_canonical_empirical_outputs_CURRENT.py,b910303d197117ab53cd187ef56ecfe22465643191eb4f23b2908e102ef7c212,VERIFIED_CANONICAL
primary_demographic_sensitivity_CURRENT.csv,coefficient,primary_and_demographic_sensitivity,primary_independence_gee,log_articulationrate,log(syllables/s),"log_articulationrate ~ C(rate, Treatment(reference='fast')) + C(sequence, Treatment(reference='bibibi')) + co_me_mean_mm_10 + height_cm_c","C(rate, Treatment(reference='fast'))[T.normal]",Normal minus maximally fast; fast is the reference,-0.36496031516881433,0.031447816197931071,-0.42659690230919456,-0.3033237280284341,-11.60526736965681,Wald z,3.8747464623471691e-31,-30.577579949847401,-34.727338820507171,-26.16399701604325,percent change,8123,28,Gaussian,identity,independence,robust sandwich,participant_id,fast,bibibi,all 28 primary speakers,model complete cases,"{""numpy"": ""2.3.5"", ""pandas"": ""2.2.3"", ""patsy"": ""1.0.2"", ""platform"": ""Linux-4.4.0-x86_64-with-glibc2.41"", ""python"": ""3.13.5"", ""scipy"": ""1.17.0"", ""statsmodels"": ""0.14.6""}",analysis/primary/data/analysis_dataset_clean.csv,analysis/primary/data/analysis_dataset_clean.csv=25aaddf2ac0894b19bab058afe1fbe153b5e81b3ed4f744813e4e03c72094084,generate_canonical_empirical_outputs_CURRENT.py,b910303d197117ab53cd187ef56ecfe22465643191eb4f23b2908e102ef7c212,VERIFIED_CANONICAL
primary_demographic_sensitivity_CURRENT.csv,coefficient,primary_and_demographic_sensitivity,primary_independence_gee,log_articulationrate,log(syllables/s),"log_articulationrate ~ C(rate, Treatment(reference='fast')) + C(sequence, Treatment(reference='bibibi')) + co_me_mean_mm_10 + height_cm_c","C(sequence, Treatment(reference='bibibi'))[T.dadada]",dadada minus the model-specific sequence reference,0.027274777947725534,0.025757936531386975,-0.023209849969861498,0.077759405865312561,1.0588883125203075,Wald z,0.28965064761068104,2.765013956807949,-2.2942573213135753,8.086257818770326,percent change,8123,28,Gaussian,identity,independence,robust sandwich,participant_id,fast,bibibi,all 28 primary speakers,model complete cases,"{""numpy"": ""2.3.5"", ""pandas"": ""2.2.3"", ""patsy"": ""1.0.2"", ""platform"": ""Linux-4.4.0-x86_64-with-glibc2.41"", ""python"": ""3.13.5"", ""scipy"": ""1.17.0"", ""statsmodels"": ""0.14.6""}",analysis/primary/data/analysis_dataset_clean.csv,analysis/primary/data/analysis_dataset_clean.csv=25aaddf2ac0894b19bab058afe1fbe153b5e81b3ed4f744813e4e03c72094084,generate_canonical_empirical_outputs_CURRENT.py,b910303d197117ab53cd187ef56ecfe22465643191eb4f23b2908e102ef7c212,VERIFIED_CANONICAL
primary_demographic_sensitivity_CURRENT.csv,coefficient,primary_and_demographic_sensitivity,primary_independence_gee,log_articulationrate,log(syllables/s),"log_articulationrate ~ C(rate, Treatment(reference='fast')) + C(sequence, Treatment(reference='bibibi')) + co_me_mean_mm_10 + height_cm_c","C(sequence, Treatment(reference='bibibi'))[T.gugugu]",gugugu minus the model-specific sequence reference,-0.06829075327846916,0.019837293639688371,-0.10717113436300385,-0.02941037219393447,-3.4425438529497896,Wald z,0.00057627042409759378,-6.6011126232242257,-10.16280824715875,-2.8982096054471329,percent change,8123,28,Gaussian,identity,independence,robust sandwich,participant_id,fast,bibibi,all 28 primary speakers,model complete cases,"{""numpy"": ""2.3.5"", ""pandas"": ""2.2.3"", ""patsy"": ""1.0.2"", ""platform"": ""Linux-4.4.0-x86_64-with-glibc2.41"", ""python"": ""3.13.5"", ""scipy"": ""1.17.0"", ""statsmodels"": ""0.14.6""}",analysis/primary/data/analysis_dataset_clean.csv,analysis/primary/data/analysis_dataset_clean.csv=25aaddf2ac0894b19bab058afe1fbe153b5e81b3ed4f744813e4e03c72094084,generate_canonical_empirical_outputs_CURRENT.py,b910303d197117ab53cd187ef56ecfe22465643191eb4f23b2908e102ef7c212,VERIFIED_CANONICAL
primary_demographic_sensitivity_CURRENT.csv,coefficient,primary_and_demographic_sensitivity,primary_independence_gee,log_articulationrate,log(syllables/s),"log_articulationrate ~ C(rate, Treatment(reference='fast')) + C(sequence, Treatment(reference='bibibi')) + co_me_mean_mm_10 + height_cm_c","C(sequence, Treatment(reference='bibibi'))[T.kukuku]",kukuku minus the model-specific sequence reference,0.092335041448102936,0.028864038358237799,0.03576256581757422,0.14890751707863165,3.1989647568407733,Wald z,0.0013792202822912492,9.6732211280324165,3.6409738175974704,16.056565174380786,percent change,8123,28,Gaussian,identity,independence,robust sandwich,participant_id,fast,bibibi,all 28 primary speakers,model complete cases,"{""numpy"": ""2.3.5"", ""pandas"": ""2.2.3"", ""patsy"": ""1.0.2"", ""platform"": ""Linux-4.4.0-x86_64-with-glibc2.41"", ""python"": ""3.13.5"", ""scipy"": ""1.17.0"", ""statsmodels"": ""0.14.6""}",analysis/primary/data/analysis_dataset_clean.csv,analysis/primary/data/analysis_dataset_clean.csv=25aaddf2ac0894b19bab058afe1fbe153b5e81b3ed4f744813e4e03c72094084,generate_canonical_empirical_outputs_CURRENT.py,b910303d197117ab53cd187ef56ecfe22465643191eb4f23b2908e102ef7c212,VERIFIED_CANONICAL
primary_demographic_sensitivity_CURRENT.csv,coefficient,primary_and_demographic_sensitivity,primary_independence_gee,log_articulationrate,log(syllables/s),"log_articulationrate ~ C(rate, Treatment(reference='fast')) + C(sequence, Treatment(reference='bibibi')) + co_me_mean_mm_10 + height_cm_c","C(sequence, Treatment(reference='bibibi'))[T.kutapi]",kutapi minus the model-specific sequence reference,0.20581584693079039,0.026779304048421874,0.15332937546483585,0.25830231839674495,7.6856309095500661,Wald z,1.5224483933401429e-14,22.852694615517244,16.570887161830548,29.473018021565256,percent change,8123,28,Gaussian,identity,independence,robust sandwich,participant_id,fast,bibibi,all 28 primary speakers,model complete cases,"{""numpy"": ""2.3.5"", ""pandas"": ""2.2.3"", ""patsy"": ""1.0.2"", ""platform"": ""Linux-4.4.0-x86_64-with-glibc2.41"", ""python"": ""3.13.5"", ""scipy"": ""1.17.0"", ""statsmodels"": ""0.14.6""}",analysis/primary/data/analysis_dataset_clean.csv,analysis/primary/data/analysis_dataset_clean.csv=25aaddf2ac0894b19bab058afe1fbe153b5e81b3ed4f744813e4e03c72094084,generate_canonical_empirical_outputs_CURRENT.py,b910303d197117ab53cd187ef56ecfe22465643191eb4f23b2908e102ef7c212,VERIFIED_CANONICAL
primary_demographic_sensitivity_CURRENT.csv,coefficient,primary_and_demographic_sensitivity,primary_independence_gee,log_articulationrate,log(syllables/s),"log_articulationrate ~ C(rate, Treatment(reference='fast')) + C(sequence, Treatment(reference='bibibi')) + co_me_mean_mm_10 + height_cm_c","C(sequence, Treatment(reference='bibibi'))[T.pipipi]",pipipi minus the model-specific sequence reference,-0.0011068177206826921,0.020613926915912975,-0.041509372055812954,0.039295736614447574,-0.053692715861347176,Wald z,0.95717998633258949,-0.110620542387041,-4.0659655691910324,4.0078027326516441,percent change,8123,28,Gaussian,identity,independence,robust sandwich,participant_id,fast,bibibi,all 28 primary speakers,model complete cases,"{""numpy"": ""2.3.5"", ""pandas"": ""2.2.3"", ""patsy"": ""1.0.2"", ""platform"": ""Linux-4.4.0-x86_64-with-glibc2.41"", ""python"": ""3.13.5"", ""scipy"": ""1.17.0"", ""statsmodels"": ""0.14.6""}",analysis/primary/data/analysis_dataset_clean.csv,analysis/primary/data/analysis_dataset_clean.csv=25aaddf2ac0894b19bab058afe1fbe153b5e81b3ed4f744813e4e03c72094084,generate_canonical_empirical_outputs_CURRENT.py,b910303d197117ab53cd187ef56ecfe22465643191eb4f23b2908e102ef7c212,VERIFIED_CANONICAL
primary_demographic_sensitivity_CURRENT.csv,coefficient,primary_and_demographic_sensitivity,primary_independence_gee,log_articulationrate,log(syllables/s),"log_articulationrate ~ C(rate, Treatment(reference='fast')) + C(sequence, Treatment(reference='bibibi')) + co_me_mean_mm_10 + height_cm_c","C(sequence, Treatment(reference='bibibi'))[T.pitaku]",pitaku minus the model-specific sequence reference,0.18647245167007037,0.025936609170188578,0.13563763181540947,0.23730727152473127,7.1895462682300417,Wald z,6.5006988553103732e-13,20.499142612708244,14.5266810138023,26.783062617940544,percent change,8123,28,Gaussian,identity,independence,robust sandwich,participant_id,fast,bibibi,all 28 primary speakers,model complete cases,"{""numpy"": ""2.3.5"", ""pandas"": ""2.2.3"", ""patsy"": ""1.0.2"", ""platform"": ""Linux-4.4.0-x86_64-with-glibc2.41"", ""python"": ""3.13.5"", ""scipy"": ""1.17.0"", ""statsmodels"": ""0.14.6""}",analysis/primary/data/analysis_dataset_clean.csv,analysis/primary/data/analysis_dataset_clean.csv=25aaddf2ac0894b19bab058afe1fbe153b5e81b3ed4f744813e4e03c72094084,generate_canonical_empirical_outputs_CURRENT.py,b910303d197117ab53cd187ef56ecfe22465643191eb4f23b2908e102ef7c212,VERIFIED_CANONICAL
primary_demographic_sensitivity_CURRENT.csv,coefficient,primary_and_demographic_sensitivity,primary_independence_gee,log_articulationrate,log(syllables/s),"log_articulationrate ~ C(rate, Treatment(reference='fast')) + C(sequence, Treatment(reference='bibibi')) + co_me_mean_mm_10 + height_cm_c","C(sequence, Treatment(reference='bibibi'))[T.takupi]",takupi minus the model-specific sequence reference,0.18592611060759143,0.026485435164214154,0.134015611570861,0.23783660964432185,7.0199379188908262,Wald z,2.2196684889191325e-12,20.433326963638333,14.341066994200791,26.850191491271012,percent change,8123,28,Gaussian,identity,independence,robust sandwich,participant_id,fast,bibibi,all 28 primary speakers,model complete cases,"{""numpy"": ""2.3.5"", ""pandas"": ""2.2.3"", ""patsy"": ""1.0.2"", ""platform"": ""Linux-4.4.0-x86_64-with-glibc2.41"", ""python"": ""3.13.5"", ""scipy"": ""1.17.0"", ""statsmodels"": ""0.14.6""}",analysis/primary/data/analysis_dataset_clean.csv,analysis/primary/data/analysis_dataset_clean.csv=25aaddf2ac0894b19bab058afe1fbe153b5e81b3ed4f744813e4e03c72094084,generate_canonical_empirical_outputs_CURRENT.py,b910303d197117ab53cd187ef56ecfe22465643191eb4f23b2908e102ef7c212,VERIFIED_CANONICAL
primary_demographic_sensitivity_CURRENT.csv,coefficient,primary_and_demographic_sensitivity,primary_independence_gee,log_articulationrate,log(syllables/s),"log_articulationrate ~ C(rate, Treatment(reference='fast')) + C(sequence, Treatment(reference='bibibi')) + co_me_mean_mm_10 + height_cm_c","C(sequence, Treatment(reference='bibibi'))[T.tatata]",tatata minus the model-specific sequence reference,-0.041123420590008432,0.026731655104805685,-0.09351650184257386,0.011269660662556996,-1.538379139966364,Wald z,0.12395593961885761,-4.0289325419660464,-8.9277011305189173,1.1333402512910817,percent change,8123,28,Gaussian,identity,independence,robust sandwich,participant_id,fast,bibibi,all 28 primary speakers,model complete cases,"{""numpy"": ""2.3.5"", ""pandas"": ""2.2.3"", ""patsy"": ""1.0.2"", ""platform"": ""Linux-4.4.0-x86_64-with-glibc2.41"", ""python"": ""3.13.5"", ""scipy"": ""1.17.0"", ""statsmodels"": ""0.14.6""}",analysis/primary/data/analysis_dataset_clean.csv,analysis/primary/data/analysis_dataset_clean.csv=25aaddf2ac0894b19bab058afe1fbe153b5e81b3ed4f744813e4e03c72094084,generate_canonical_empirical_outputs_CURRENT.py,b910303d197117ab53cd187ef56ecfe22465643191eb4f23b2908e102ef7c212,VERIFIED_CANONICAL
primary_demographic_sensitivity_CURRENT.csv,coefficient,primary_and_demographic_sensitivity,primary_independence_gee,log_articulationrate,log(syllables/s),"log_articulationrate ~ C(rate, Treatment(reference='fast')) + C(sequence, Treatment(reference='bibibi')) + co_me_mean_mm_10 + height_cm_c",co_me_mean_mm_10,Per +10 mm bilateral mean Co--Me,-0.047612290568298264,0.019219579178091483,-0.085281973555373508,-0.0099426075812230272,-2.4772805963707993,Wald z,0.013238777626774783,-4.6496602317442797,-8.1746675261425317,-0.98933432655746723,percent change,8123,28,Gaussian,identity,independence,robust sandwich,participant_id,fast,bibibi,all 28 primary speakers,model complete cases,"{""numpy"": ""2.3.5"", ""pandas"": ""2.2.3"", ""patsy"": ""1.0.2"", ""platform"": ""Linux-4.4.0-x86_64-with-glibc2.41"", ""python"": ""3.13.5"", ""scipy"": ""1.17.0"", ""statsmodels"": ""0.14.6""}",analysis/primary/data/analysis_dataset_clean.csv,analysis/primary/data/analysis_dataset_clean.csv=25aaddf2ac0894b19bab058afe1fbe153b5e81b3ed4f744813e4e03c72094084,generate_canonical_empirical_outputs_CURRENT.py,b910303d197117ab53cd187ef56ecfe22465643191eb4f23b2908e102ef7c212,VERIFIED_CANONICAL
primary_demographic_sensitivity_CURRENT.csv,coefficient,primary_and_demographic_sensitivity,primary_independence_gee,log_articulationrate,log(syllables/s),"log_articulationrate ~ C(rate, Treatment(reference='fast')) + C(sequence, Treatment(reference='bibibi')) + co_me_mean_mm_10 + height_cm_c",height_cm_c,"Per +1 cm height, centered as documented for the model input",0.0081747772502631464,0.003624871764124266,0.0010701591440034153,0.015279395356522878,2.2551907438960379,Wald z,0.024121358671675558,0.82082819774738081,0.10707319686198424,1.5396722116767458,percent change,8123,28,Gaussian,identity,independence,robust sandwich,participant_id,fast,bibibi,all 28 primary speakers,model complete cases,"{""numpy"": ""2.3.5"", ""pandas"": ""2.2.3"", ""patsy"": ""1.0.2"", ""platform"": ""Linux-4.4.0-x86_64-with-glibc2.41"", ""python"": ""3.13.5"", ""scipy"": ""1.17.0"", ""statsmodels"": ""0.14.6""}",analysis/primary/data/analysis_dataset_clean.csv,analysis/primary/data/analysis_dataset_clean.csv=25aaddf2ac0894b19bab058afe1fbe153b5e81b3ed4f744813e4e03c72094084,generate_canonical_empirical_outputs_CURRENT.py,b910303d197117ab53cd187ef56ecfe22465643191eb4f23b2908e102ef7c212,VERIFIED_CANONICAL
primary_demographic_sensitivity_CURRENT.csv,coefficient,primary_and_demographic_sensitivity,sex_age_adjusted_independence_gee,log_articulationrate,log(syllables/s),"log_articulationrate ~ C(rate, Treatment(reference='fast')) + C(sequence, Treatment(reference='bibibi')) + co_me_mean_mm_10 + height_cm_c + C(sex_norm, Treatment(reference='female')) + age_years",Intercept,Intercept at reference categories and centered height = 0,2.0897325267470901,0.29116689534112289,1.5190558983881459,2.6604091551060343,7.1770951992973604,Wald z,7.1208106533789738e-13,708.27529549260419,356.79105870003934,1330.2139695178762,percent change,8123,28,Gaussian,identity,independence,robust sandwich,participant_id,fast,bibibi,all primary speakers with complete demographic covariates,model complete cases,"{""numpy"": ""2.3.5"", ""pandas"": ""2.2.3"", ""patsy"": ""1.0.2"", ""platform"": ""Linux-4.4.0-x86_64-with-glibc2.41"", ""python"": ""3.13.5"", ""scipy"": ""1.17.0"", ""statsmodels"": ""0.14.6""}",analysis/primary/data/analysis_dataset_clean.csv,analysis/primary/data/analysis_dataset_clean.csv=25aaddf2ac0894b19bab058afe1fbe153b5e81b3ed4f744813e4e03c72094084,generate_canonical_empirical_outputs_CURRENT.py,b910303d197117ab53cd187ef56ecfe22465643191eb4f23b2908e102ef7c212,VERIFIED_CANONICAL
primary_demographic_sensitivity_CURRENT.csv,coefficient,primary_and_demographic_sensitivity,sex_age_adjusted_independence_gee,log_articulationrate,log(syllables/s),"log_articulationrate ~ C(rate, Treatment(reference='fast')) + C(sequence, Treatment(reference='bibibi')) + co_me_mean_mm_10 + height_cm_c + C(sex_norm, Treatment(reference='female')) + age_years","C(rate, Treatment(reference='fast'))[T.normal]",Normal minus maximally fast; fast is the reference,-0.3653325935483181,0.030987846485805232,-0.42606765661895241,-0.30459753047768379,-11.789544449810926,Wald z,4.4192492413461736e-32,-30.603419605813841,-34.692784402805529,-26.257989620772804,percent change,8123,28,Gaussian,identity,independence,robust sandwich,participant_id,fast,bibibi,all primary speakers with complete demographic covariates,model complete cases,"{""numpy"": ""2.3.5"", ""pandas"": ""2.2.3"", ""patsy"": ""1.0.2"", ""platform"": ""Linux-4.4.0-x86_64-with-glibc2.41"", ""python"": ""3.13.5"", ""scipy"": ""1.17.0"", ""statsmodels"": ""0.14.6""}",analysis/primary/data/analysis_dataset_clean.csv,analysis/primary/data/analysis_dataset_clean.csv=25aaddf2ac0894b19bab058afe1fbe153b5e81b3ed4f744813e4e03c72094084,generate_canonical_empirical_outputs_CURRENT.py,b910303d197117ab53cd187ef56ecfe22465643191eb4f23b2908e102ef7c212,VERIFIED_CANONICAL
primary_demographic_sensitivity_CURRENT.csv,coefficient,primary_and_demographic_sensitivity,sex_age_adjusted_independence_gee,log_articulationrate,log(syllables/s),"log_articulationrate ~ C(rate, Treatment(reference='fast')) + C(sequence, Treatment(reference='bibibi')) + co_me_mean_mm_10 + height_cm_c + C(sex_norm, Treatment(reference='female')) + age_years","C(sequence, Treatment(reference='bibibi'))[T.dadada]",dadada minus the model-specific sequence reference,0.027547013875910343,0.025752550317132247,-0.022927057255724411,0.078021085007545093,1.0696810038881588,Wald z,0.28476291970569478,2.7929940941939346,-2.2666229419382899,8.114545438982157,percent change,8123,28,Gaussian,identity,independence,robust sandwich,participant_id,fast,bibibi,all primary speakers with complete demographic covariates,model complete cases,"{""numpy"": ""2.3.5"", ""pandas"": ""2.2.3"", ""patsy"": ""1.0.2"", ""platform"": ""Linux-4.4.0-x86_64-with-glibc2.41"", ""python"": ""3.13.5"", ""scipy"": ""1.17.0"", ""statsmodels"": ""0.14.6""}",analysis/primary/data/analysis_dataset_clean.csv,analysis/primary/data/analysis_dataset_clean.csv=25aaddf2ac0894b19bab058afe1fbe153b5e81b3ed4f744813e4e03c72094084,generate_canonical_empirical_outputs_CURRENT.py,b910303d197117ab53cd187ef56ecfe22465643191eb4f23b2908e102ef7c212,VERIFIED_CANONICAL
primary_demographic_sensitivity_CURRENT.csv,coefficient,primary_and_demographic_sensitivity,sex_age_adjusted_independence_gee,log_articulationrate,log(syllables/s),"log_articulationrate ~ C(rate, Treatment(reference='fast')) + C(sequence, Treatment(reference='bibibi')) + co_me_mean_mm_10 + height_cm_c + C(sex_norm, Treatment(reference='female')) + age_years","C(sequence, Treatment(reference='bibibi'))[T.gugugu]",gugugu minus the model-specific sequence reference,-0.067410856677593736,0.019899093223770481,-0.10641236272118892,-0.028409350633998555,-3.387634598197069,Wald z,0.0007049811673659459,-6.5188950935379353,-10.09461646595321,-2.8009599533753038,percent change,8123,28,Gaussian,identity,independence,robust sandwich,participant_id,fast,bibibi,all primary speakers with complete demographic covariates,model complete cases,"{""numpy"": ""2.3.5"", ""pandas"": ""2.2.3"", ""patsy"": ""1.0.2"", ""platform"": ""Linux-4.4.0-x86_64-with-glibc2.41"", ""python"": ""3.13.5"", ""scipy"": ""1.17.0"", ""statsmodels"": ""0.14.6""}",analysis/primary/data/analysis_dataset_clean.csv,analysis/primary/data/analysis_dataset_clean.csv=25aaddf2ac0894b19bab058afe1fbe153b5e81b3ed4f744813e4e03c72094084,generate_canonical_empirical_outputs_CURRENT.py,b910303d197117ab53cd187ef56ecfe22465643191eb4f23b2908e102ef7c212,VERIFIED_CANONICAL
primary_demographic_sensitivity_CURRENT.csv,coefficient,primary_and_demographic_sensitivity,sex_age_adjusted_independence_gee,log_articulationrate,log(syllables/s),"log_articulationrate ~ C(rate, Treatment(reference='fast')) + C(sequence, Treatment(reference='bibibi')) + co_me_mean_mm_10 + height_cm_c + C(sex_norm, Treatment(reference='female')) + age_years","C(sequence, Treatment(reference='bibibi'))[T.kukuku]",kukuku minus the model-specific sequence reference,0.092738795602090834,0.028820680868922956,0.036251299089079293,0.14922629211510238,3.2177864230157769,Wald z,0.0012918397251254887,9.7175110871698944,3.6916389896624713,16.093567007493938,percent change,8123,28,Gaussian,identity,independence,robust sandwich,participant_id,fast,bibibi,all primary speakers with complete demographic covariates,model complete cases,"{""numpy"": ""2.3.5"", ""pandas"": ""2.2.3"", ""patsy"": ""1.0.2"", ""platform"": ""Linux-4.4.0-x86_64-with-glibc2.41"", ""python"": ""3.13.5"", ""scipy"": ""1.17.0"", ""statsmodels"": ""0.14.6""}",analysis/primary/data/analysis_dataset_clean.csv,analysis/primary/data/analysis_dataset_clean.csv=25aaddf2ac0894b19bab058afe1fbe153b5e81b3ed4f744813e4e03c72094084,generate_canonical_empirical_outputs_CURRENT.py,b910303d197117ab53cd187ef56ecfe22465643191eb4f23b2908e102ef7c212,VERIFIED_CANONICAL
primary_demographic_sensitivity_CURRENT.csv,coefficient,primary_and_demographic_sensitivity,sex_age_adjusted_independence_gee,log_articulationrate,log(syllables/s),"log_articulationrate ~ C(rate, Treatment(reference='fast')) + C(sequence, Treatment(reference='bibibi')) + co_me_mean_mm_10 + height_cm_c + C(sex_norm, Treatment(reference='female')) + age_years","C(sequence, Treatment(reference='bibibi'))[T.kutapi]",kutapi minus the model-specific sequence reference,0.2063896218200848,0.026855322862465704,0.15375415621645691,0.25902508742371266,7.685240757561135,Wald z,1.5270953821456641e-14,22.923204633274175,16.62041474933449,29.566630935001225,percent change,8123,28,Gaussian,identity,independence,robust sandwich,participant_id,fast,bibibi,all primary speakers with complete demographic covariates,model complete cases,"{""numpy"": ""2.3.5"", ""pandas"": ""2.2.3"", ""patsy"": ""1.0.2"", ""platform"": ""Linux-4.4.0-x86_64-with-glibc2.41"", ""python"": ""3.13.5"", ""scipy"": ""1.17.0"", ""statsmodels"": ""0.14.6""}",analysis/primary/data/analysis_dataset_clean.csv,analysis/primary/data/analysis_dataset_clean.csv=25aaddf2ac0894b19bab058afe1fbe153b5e81b3ed4f744813e4e03c72094084,generate_canonical_empirical_outputs_CURRENT.py,b910303d197117ab53cd187ef56ecfe22465643191eb4f23b2908e102ef7c212,VERIFIED_CANONICAL
primary_demographic_sensitivity_CURRENT.csv,coefficient,primary_and_demographic_sensitivity,sex_age_adjusted_independence_gee,log_articulationrate,log(syllables/s),"log_articulationrate ~ C(rate, Treatment(reference='fast')) + C(sequence, Treatment(reference='bibibi')) + co_me_mean_mm_10 + height_cm_c + C(sex_norm, Treatment(reference='female')) + age_years","C(sequence, Treatment(reference='bibibi'))[T.pipipi]",pipipi minus the model-specific sequence reference,-0.00061907949006889836,0.020430541075122158,-0.040662204181974561,0.039424045201836767,-0.03030166884922781,Wald z,0.97582646563606379,-0.061888789989994475,-3.9846589018780798,4.0211486830794341,percent change,8123,28,Gaussian,identity,independence,robust sandwich,participant_id,fast,bibibi,all primary speakers with complete demographic covariates,model complete cases,"{""numpy"": ""2.3.5"", ""pandas"": ""2.2.3"", ""patsy"": ""1.0.2"", ""platform"": ""Linux-4.4.0-x86_64-with-glibc2.41"", ""python"": ""3.13.5"", ""scipy"": ""1.17.0"", ""statsmodels"": ""0.14.6""}",analysis/primary/data/analysis_dataset_clean.csv,analysis/primary/data/analysis_dataset_clean.csv=25aaddf2ac0894b19bab058afe1fbe153b5e81b3ed4f744813e4e03c72094084,generate_canonical_empirical_outputs_CURRENT.py,b910303d197117ab53cd187ef56ecfe22465643191eb4f23b2908e102ef7c212,VERIFIED_CANONICAL
primary_demographic_sensitivity_CURRENT.csv,coefficient,primary_and_demographic_sensitivity,sex_age_adjusted_independence_gee,log_articulationrate,log(syllables/s),"log_articulationrate ~ C(rate, Treatment(reference='fast')) + C(sequence, Treatment(reference='bibibi')) + co_me_mean_mm_10 + height_cm_c + C(sex_norm, Treatment(reference='female')) + age_years","C(sequence, Treatment(reference='bibibi'))[T.pitaku]",pitaku minus the model-specific sequence reference,0.18682923750947852,0.025926944606977139,0.13601335985063834,0.23764511516831871,7.2059874521119376,Wald z,5.7624709840958779e-13,20.542142670903061,14.569719983608366,26.82590270597882,percent change,8123,28,Gaussian,identity,independence,robust sandwich,participant_id,fast,bibibi,all primary speakers with complete demographic covariates,model complete cases,"{""numpy"": ""2.3.5"", ""pandas"": ""2.2.3"", ""patsy"": ""1.0.2"", ""platform"": ""Linux-4.4.0-x86_64-with-glibc2.41"", ""python"": ""3.13.5"", ""scipy"": ""1.17.0"", ""statsmodels"": ""0.14.6""}",analysis/primary/data/analysis_dataset_clean.csv,analysis/primary/data/analysis_dataset_clean.csv=25aaddf2ac0894b19bab058afe1fbe153b5e81b3ed4f744813e4e03c72094084,generate_canonical_empirical_outputs_CURRENT.py,b910303d197117ab53cd187ef56ecfe22465643191eb4f23b2908e102ef7c212,VERIFIED_CANONICAL
primary_demographic_sensitivity_CURRENT.csv,coefficient,primary_and_demographic_sensitivity,sex_age_adjusted_independence_gee,log_articulationrate,log(syllables/s),"log_articulationrate ~ C(rate, Treatment(reference='fast')) + C(sequence, Treatment(reference='bibibi')) + co_me_mean_mm_10 + height_cm_c + C(sex_norm, Treatment(reference='female')) + age_years","C(sequence, Treatment(reference='bibibi'))[T.takupi]",takupi minus the model-specific sequence reference,0.18652488754303068,0.026458547699793465,0.1346670869682004,0.23838268811786095,7.0497024122184406,Wald z,1.7930083640738118e-12,20.505461256102464,14.415581655851994,26.919480567123255,percent change,8123,28,Gaussian,identity,independence,robust sandwich,participant_id,fast,bibibi,all primary speakers with complete demographic covariates,model complete cases,"{""numpy"": ""2.3.5"", ""pandas"": ""2.2.3"", ""patsy"": ""1.0.2"", ""platform"": ""Linux-4.4.0-x86_64-with-glibc2.41"", ""python"": ""3.13.5"", ""scipy"": ""1.17.0"", ""statsmodels"": ""0.14.6""}",analysis/primary/data/analysis_dataset_clean.csv,analysis/primary/data/analysis_dataset_clean.csv=25aaddf2ac0894b19bab058afe1fbe153b5e81b3ed4f744813e4e03c72094084,generate_canonical_empirical_outputs_CURRENT.py,b910303d197117ab53cd187ef56ecfe22465643191eb4f23b2908e102ef7c212,VERIFIED_CANONICAL
primary_demographic_sensitivity_CURRENT.csv,coefficient,primary_and_demographic_sensitivity,sex_age_adjusted_independence_gee,log_articulationrate,log(syllables/s),"log_articulationrate ~ C(rate, Treatment(reference='fast')) + C(sequence, Treatment(reference='bibibi')) + co_me_mean_mm_10 + height_cm_c + C(sex_norm, Treatment(reference='female')) + age_years","C(sequence, Treatment(reference='bibibi'))[T.tatata]",tatata minus the model-specific sequence reference,-0.040395884966720232,0.026696205985068062,-0.09271948722131626,0.011927717287875804,-1.5131695114022863,Wald z,0.13023660653656766,-3.9590847662937412,-8.8550862430088131,1.1999136180042003,percent change,8123,28,Gaussian,identity,independence,robust sandwich,participant_id,fast,bibibi,all primary speakers with complete demographic covariates,model complete cases,"{""numpy"": ""2.3.5"", ""pandas"": ""2.2.3"", ""patsy"": ""1.0.2"", ""platform"": ""Linux-4.4.0-x86_64-with-glibc2.41"", ""python"": ""3.13.5"", ""scipy"": ""1.17.0"", ""statsmodels"": ""0.14.6""}",analysis/primary/data/analysis_dataset_clean.csv,analysis/primary/data/analysis_dataset_clean.csv=25aaddf2ac0894b19bab058afe1fbe153b5e81b3ed4f744813e4e03c72094084,generate_canonical_empirical_outputs_CURRENT.py,b910303d197117ab53cd187ef56ecfe22465643191eb4f23b2908e102ef7c212,VERIFIED_CANONICAL
primary_demographic_sensitivity_CURRENT.csv,coefficient,primary_and_demographic_sensitivity,sex_age_adjusted_independence_gee,log_articulationrate,log(syllables/s),"log_articulationrate ~ C(rate, Treatment(reference='fast')) + C(sequence, Treatment(reference='bibibi')) + co_me_mean_mm_10 + height_cm_c + C(sex_norm, Treatment(reference='female')) + age_years","C(sex_norm, Treatment(reference='female'))[T.male]",Male minus female,-0.16766801870823023,0.073159288804268391,-0.31105758989916066,-0.024278447517299795,-2.2918213318996594,Wald z,0.021915955209294489,-15.436547706825465,-26.732831983385765,-2.3986096730470918,percent change,8123,28,Gaussian,identity,independence,robust sandwich,participant_id,fast,bibibi,all primary speakers with complete demographic covariates,model complete cases,"{""numpy"": ""2.3.5"", ""pandas"": ""2.2.3"", ""patsy"": ""1.0.2"", ""platform"": ""Linux-4.4.0-x86_64-with-glibc2.41"", ""python"": ""3.13.5"", ""scipy"": ""1.17.0"", ""statsmodels"": ""0.14.6""}",analysis/primary/data/analysis_dataset_clean.csv,analysis/primary/data/analysis_dataset_clean.csv=25aaddf2ac0894b19bab058afe1fbe153b5e81b3ed4f744813e4e03c72094084,generate_canonical_empirical_outputs_CURRENT.py,b910303d197117ab53cd187ef56ecfe22465643191eb4f23b2908e102ef7c212,VERIFIED_CANONICAL
primary_demographic_sensitivity_CURRENT.csv,coefficient,primary_and_demographic_sensitivity,sex_age_adjusted_independence_gee,log_articulationrate,log(syllables/s),"log_articulationrate ~ C(rate, Treatment(reference='fast')) + C(sequence, Treatment(reference='bibibi')) + co_me_mean_mm_10 + height_cm_c + C(sex_norm, Treatment(reference='female')) + age_years",co_me_mean_mm_10,Per +10 mm bilateral mean Co--Me,-0.043714745523740009,0.018886752645264109,-0.080732100493374259,-0.0066973905541057588,-2.3145718242199549,Wald z,0.020636376326981946,-4.2773028189579732,-7.7559220224497345,-0.66750130188889534,percent change,8123,28,Gaussian,identity,independence,robust sandwich,participant_id,fast,bibibi,all primary speakers with complete demographic covariates,model complete cases,"{""numpy"": ""2.3.5"", ""pandas"": ""2.2.3"", ""patsy"": ""1.0.2"", ""platform"": ""Linux-4.4.0-x86_64-with-glibc2.41"", ""python"": ""3.13.5"", ""scipy"": ""1.17.0"", ""statsmodels"": ""0.14.6""}",analysis/primary/data/analysis_dataset_clean.csv,analysis/primary/data/analysis_dataset_clean.csv=25aaddf2ac0894b19bab058afe1fbe153b5e81b3ed4f744813e4e03c72094084,generate_canonical_empirical_outputs_CURRENT.py,b910303d197117ab53cd187ef56ecfe22465643191eb4f23b2908e102ef7c212,VERIFIED_CANONICAL
primary_demographic_sensitivity_CURRENT.csv,coefficient,primary_and_demographic_sensitivity,sex_age_adjusted_independence_gee,log_articulationrate,log(syllables/s),"log_articulationrate ~ C(rate, Treatment(reference='fast')) + C(sequence, Treatment(reference='bibibi')) + co_me_mean_mm_10 + height_cm_c + C(sex_norm, Treatment(reference='female')) + age_years",height_cm_c,"Per +1 cm height, centered as documented for the model input",0.014286452389954447,0.0041049599585684174,0.0062408787131813161,0.02233202606672758,3.4802903156543263,Wald z,0.00050087071833130247,1.4388991475587476,0.62603935722385096,2.2583252406415788,percent change,8123,28,Gaussian,identity,independence,robust sandwich,participant_id,fast,bibibi,all primary speakers with complete demographic covariates,model complete cases,"{""numpy"": ""2.3.5"", ""pandas"": ""2.2.3"", ""patsy"": ""1.0.2"", ""platform"": ""Linux-4.4.0-x86_64-with-glibc2.41"", ""python"": ""3.13.5"", ""scipy"": ""1.17.0"", ""statsmodels"": ""0.14.6""}",analysis/primary/data/analysis_dataset_clean.csv,analysis/primary/data/analysis_dataset_clean.csv=25aaddf2ac0894b19bab058afe1fbe153b5e81b3ed4f744813e4e03c72094084,generate_canonical_empirical_outputs_CURRENT.py,b910303d197117ab53cd187ef56ecfe22465643191eb4f23b2908e102ef7c212,VERIFIED_CANONICAL
primary_demographic_sensitivity_CURRENT.csv,coefficient,primary_and_demographic_sensitivity,sex_age_adjusted_independence_gee,log_articulationrate,log(syllables/s),"log_articulationrate ~ C(rate, Treatment(reference='fast')) + C(sequence, Treatment(reference='bibibi')) + co_me_mean_mm_10 + height_cm_c + C(sex_norm, Treatment(reference='female')) + age_years",age_years,Per +1 year age,-0.0036786177992715239,0.0063307668954157067,-0.01608669290880476,0.0087294573102617117,-0.58106985457564686,Wald z,0.5611933747177611,-0.36718599738402302,-1.5957993106648249,0.87676701341981023,percent change,8123,28,Gaussian,identity,independence,robust sandwich,participant_id,fast,bibibi,all primary speakers with complete demographic covariates,model complete cases,"{""numpy"": ""2.3.5"", ""pandas"": ""2.2.3"", ""patsy"": ""1.0.2"", ""platform"": ""Linux-4.4.0-x86_64-with-glibc2.41"", ""python"": ""3.13.5"", ""scipy"": ""1.17.0"", ""statsmodels"": ""0.14.6""}",analysis/primary/data/analysis_dataset_clean.csv,analysis/primary/data/analysis_dataset_clean.csv=25aaddf2ac0894b19bab058afe1fbe153b5e81b3ed4f744813e4e03c72094084,generate_canonical_empirical_outputs_CURRENT.py,b910303d197117ab53cd187ef56ecfe22465643191eb4f23b2908e102ef7c212,VERIFIED_CANONICAL
primary_demographic_sensitivity_CURRENT.csv,coefficient,primary_and_demographic_sensitivity,female_only_independence_gee,log_articulationrate,log(syllables/s),"log_articulationrate ~ C(rate, Treatment(reference='fast')) + C(sequence, Treatment(reference='bibibi')) + co_me_mean_mm_10 + height_cm_c",Intercept,Intercept at reference categories and centered height = 0,2.0665534924267908,0.2380990477160822,1.5998879341499859,2.5332190507035959,8.6793857944825668,Wald z,3.9791180106422663e-18,689.75571680983126,395.24773897071253,1159.3981620796353,percent change,6103,21,Gaussian,identity,independence,robust sandwich,participant_id,fast,bibibi,female speakers only,model complete cases,"{""numpy"": ""2.3.5"", ""pandas"": ""2.2.3"", ""patsy"": ""1.0.2"", ""platform"": ""Linux-4.4.0-x86_64-with-glibc2.41"", ""python"": ""3.13.5"", ""scipy"": ""1.17.0"", ""statsmodels"": ""0.14.6""}",analysis/primary/data/analysis_dataset_clean.csv,analysis/primary/data/analysis_dataset_clean.csv=25aaddf2ac0894b19bab058afe1fbe153b5e81b3ed4f744813e4e03c72094084,generate_canonical_empirical_outputs_CURRENT.py,b910303d197117ab53cd187ef56ecfe22465643191eb4f23b2908e102ef7c212,VERIFIED_CANONICAL
primary_demographic_sensitivity_CURRENT.csv,coefficient,primary_and_demographic_sensitivity,female_only_independence_gee,log_articulationrate,log(syllables/s),"log_articulationrate ~ C(rate, Treatment(reference='fast')) + C(sequence, Treatment(reference='bibibi')) + co_me_mean_mm_10 + height_cm_c","C(rate, Treatment(reference='fast'))[T.normal]",Normal minus maximally fast; fast is the reference,-0.38566443814656831,0.038340305757265027,-0.46081005658706142,-0.3105188197060752,-10.058981808549859,Wald z,8.3861153346603195e-24,-32.000133098621433,-36.922752290280037,-26.693347181464567,percent change,6103,21,Gaussian,identity,independence,robust sandwich,participant_id,fast,bibibi,female speakers only,model complete cases,"{""numpy"": ""2.3.5"", ""pandas"": ""2.2.3"", ""patsy"": ""1.0.2"", ""platform"": ""Linux-4.4.0-x86_64-with-glibc2.41"", ""python"": ""3.13.5"", ""scipy"": ""1.17.0"", ""statsmodels"": ""0.14.6""}",analysis/primary/data/analysis_dataset_clean.csv,analysis/primary/data/analysis_dataset_clean.csv=25aaddf2ac0894b19bab058afe1fbe153b5e81b3ed4f744813e4e03c72094084,generate_canonical_empirical_outputs_CURRENT.py,b910303d197117ab53cd187ef56ecfe22465643191eb4f23b2908e102ef7c212,VERIFIED_CANONICAL
primary_demographic_sensitivity_CURRENT.csv,coefficient,primary_and_demographic_sensitivity,female_only_independence_gee,log_articulationrate,log(syllables/s),"log_articulationrate ~ C(rate, Treatment(reference='fast')) + C(sequence, Treatment(reference='bibibi')) + co_me_mean_mm_10 + height_cm_c","C(sequence, Treatment(reference='bibibi'))[T.dadada]",dadada minus the model-specific sequence reference,0.040928868089172663,0.032700767720381503,-0.023163458909585044,0.10502119508793037,1.2516179570812587,Wald z,0.21070910809636301,4.1777999250105058,-2.2897245431762414,11.073415221424199,percent change,6103,21,Gaussian,identity,independence,robust sandwich,participant_id,fast,bibibi,female speakers only,model complete cases,"{""numpy"": ""2.3.5"", ""pandas"": ""2.2.3"", ""patsy"": ""1.0.2"", ""platform"": ""Linux-4.4.0-x86_64-with-glibc2.41"", ""python"": ""3.13.5"", ""scipy"": ""1.17.0"", ""statsmodels"": ""0.14.6""}",analysis/primary/data/analysis_dataset_clean.csv,analysis/primary/data/analysis_dataset_clean.csv=25aaddf2ac0894b19bab058afe1fbe153b5e81b3ed4f744813e4e03c72094084,generate_canonical_empirical_outputs_CURRENT.py,b910303d197117ab53cd187ef56ecfe22465643191eb4f23b2908e102ef7c212,VERIFIED_CANONICAL
primary_demographic_sensitivity_CURRENT.csv,coefficient,primary_and_demographic_sensitivity,female_only_independence_gee,log_articulationrate,log(syllables/s),"log_articulationrate ~ C(rate, Treatment(reference='fast')) + C(sequence, Treatment(reference='bibibi')) + co_me_mean_mm_10 + height_cm_c","C(sequence, Treatment(reference='bibibi'))[T.gugugu]",gugugu minus the model-specific sequence reference,-0.042577348786714965,0.022988480109782237,-0.087633941861203546,0.002479244287773609,-1.8521167377480132,Wald z,0.064009061510616486,-4.1683661951888329,-8.3903840191751335,0.24823201553099139,percent change,6103,21,Gaussian,identity,independence,robust sandwich,participant_id,fast,bibibi,female speakers only,model complete cases,"{""numpy"": ""2.3.5"", ""pandas"": ""2.2.3"", ""patsy"": ""1.0.2"", ""platform"": ""Linux-4.4.0-x86_64-with-glibc2.41"", ""python"": ""3.13.5"", ""scipy"": ""1.17.0"", ""statsmodels"": ""0.14.6""}",analysis/primary/data/analysis_dataset_clean.csv,analysis/primary/data/analysis_dataset_clean.csv=25aaddf2ac0894b19bab058afe1fbe153b5e81b3ed4f744813e4e03c72094084,generate_canonical_empirical_outputs_CURRENT.py,b910303d197117ab53cd187ef56ecfe22465643191eb4f23b2908e102ef7c212,VERIFIED_CANONICAL
primary_demographic_sensitivity_CURRENT.csv,coefficient,primary_and_demographic_sensitivity,female_only_independence_gee,log_articulationrate,log(syllables/s),"log_articulationrate ~ C(rate, Treatment(reference='fast')) + C(sequence, Treatment(reference='bibibi')) + co_me_mean_mm_10 + height_cm_c","C(sequence, Treatment(reference='bibibi'))[T.kukuku]",kukuku minus the model-specific sequence reference,0.12109299806384111,0.034175565713876671,0.054110120113360929,0.1880758760143213,3.5432624313420633,Wald z,0.00039520920908107292,12.872987717968343,5.5600838638989902,20.692508854075985,percent change,6103,21,Gaussian,identity,independence,robust sandwich,participant_id,fast,bibibi,female speakers only,model complete cases,"{""numpy"": ""2.3.5"", ""pandas"": ""2.2.3"", ""patsy"": ""1.0.2"", ""platform"": ""Linux-4.4.0-x86_64-with-glibc2.41"", ""python"": ""3.13.5"", ""scipy"": ""1.17.0"", ""statsmodels"": ""0.14.6""}",analysis/primary/data/analysis_dataset_clean.csv,analysis/primary/data/analysis_dataset_clean.csv=25aaddf2ac0894b19bab058afe1fbe153b5e81b3ed4f744813e4e03c72094084,generate_canonical_empirical_outputs_CURRENT.py,b910303d197117ab53cd187ef56ecfe22465643191eb4f23b2908e102ef7c212,VERIFIED_CANONICAL
primary_demographic_sensitivity_CURRENT.csv,coefficient,primary_and_demographic_sensitivity,female_only_independence_gee,log_articulationrate,log(syllables/s),"log_articulationrate ~ C(rate, Treatment(reference='fast')) + C(sequence, Treatment(reference='bibibi')) + co_me_mean_mm_10 + height_cm_c","C(sequence, Treatment(reference='bibibi'))[T.kutapi]",kutapi minus the model-specific sequence reference,0.18929470494595513,0.031716229235569875,0.12713203791882183,0.25145737197308843,5.9683862019026011,Wald z,2.3961167372975453e-09,20.839702059145402,13.556694577938178,28.589808359743827,percent change,6103,21,Gaussian,identity,independence,robust sandwich,participant_id,fast,bibibi,female speakers only,model complete cases,"{""numpy"": ""2.3.5"", ""pandas"": ""2.2.3"", ""patsy"": ""1.0.2"", ""platform"": ""Linux-4.4.0-x86_64-with-glibc2.41"", ""python"": ""3.13.5"", ""scipy"": ""1.17.0"", ""statsmodels"": ""0.14.6""}",analysis/primary/data/analysis_dataset_clean.csv,analysis/primary/data/analysis_dataset_clean.csv=25aaddf2ac0894b19bab058afe1fbe153b5e81b3ed4f744813e4e03c72094084,generate_canonical_empirical_outputs_CURRENT.py,b910303d197117ab53cd187ef56ecfe22465643191eb4f23b2908e102ef7c212,VERIFIED_CANONICAL
primary_demographic_sensitivity_CURRENT.csv,coefficient,primary_and_demographic_sensitivity,female_only_independence_gee,log_articulationrate,log(syllables/s),"log_articulationrate ~ C(rate, Treatment(reference='fast')) + C(sequence, Treatment(reference='bibibi')) + co_me_mean_mm_10 + height_cm_c","C(sequence, Treatment(reference='bibibi'))[T.pipipi]",pipipi minus the model-specific sequence reference,0.026638089143608885,0.017267224128862484,-0.0072050482619425912,0.060481226549160362,1.5426966688341541,Wald z,0.12290439051516996,2.6996054476090769,-0.71791541285296523,6.2347653451668927,percent change,6103,21,Gaussian,identity,independence,robust sandwich,participant_id,fast,bibibi,female speakers only,model complete cases,"{""numpy"": ""2.3.5"", ""pandas"": ""2.2.3"", ""patsy"": ""1.0.2"", ""platform"": ""Linux-4.4.0-x86_64-with-glibc2.41"", ""python"": ""3.13.5"", ""scipy"": ""1.17.0"", ""statsmodels"": ""0.14.6""}",analysis/primary/data/analysis_dataset_clean.csv,analysis/primary/data/analysis_dataset_clean.csv=25aaddf2ac0894b19bab058afe1fbe153b5e81b3ed4f744813e4e03c72094084,generate_canonical_empirical_outputs_CURRENT.py,b910303d197117ab53cd187ef56ecfe22465643191eb4f23b2908e102ef7c212,VERIFIED_CANONICAL
primary_demographic_sensitivity_CURRENT.csv,coefficient,primary_and_demographic_sensitivity,female_only_independence_gee,log_articulationrate,log(syllables/s),"log_articulationrate ~ C(rate, Treatment(reference='fast')) + C(sequence, Treatment(reference='bibibi')) + co_me_mean_mm_10 + height_cm_c","C(sequence, Treatment(reference='bibibi'))[T.pitaku]",pitaku minus the model-specific sequence reference,0.18316593607424045,0.031334766213659951,0.12175092283148442,0.24458094931699648,5.845454050153144,Wald z,5.051883780934729e-09,20.101368304259438,12.947274086927262,27.708603728267157,percent change,6103,21,Gaussian,identity,independence,robust sandwich,participant_id,fast,bibibi,female speakers only,model complete cases,"{""numpy"": ""2.3.5"", ""pandas"": ""2.2.3"", ""patsy"": ""1.0.2"", ""platform"": ""Linux-4.4.0-x86_64-with-glibc2.41"", ""python"": ""3.13.5"", ""scipy"": ""1.17.0"", ""statsmodels"": ""0.14.6""}",analysis/primary/data/analysis_dataset_clean.csv,analysis/primary/data/analysis_dataset_clean.csv=25aaddf2ac0894b19bab058afe1fbe153b5e81b3ed4f744813e4e03c72094084,generate_canonical_empirical_outputs_CURRENT.py,b910303d197117ab53cd187ef56ecfe22465643191eb4f23b2908e102ef7c212,VERIFIED_CANONICAL
primary_demographic_sensitivity_CURRENT.csv,coefficient,primary_and_demographic_sensitivity,female_only_independence_gee,log_articulationrate,log(syllables/s),"log_articulationrate ~ C(rate, Treatment(reference='fast')) + C(sequence, Treatment(reference='bibibi')) + co_me_mean_mm_10 + height_cm_c","C(sequence, Treatment(reference='bibibi'))[T.takupi]",takupi minus the model-specific sequence reference,0.1692175637139022,0.031823172416704903,0.10684529190335212,0.23158983552445228,5.3174322628210069,Wald z,1.0524184367321638e-07,18.437778852568588,11.27620878572495,26.060256838382333,percent change,6103,21,Gaussian,identity,independence,robust sandwich,participant_id,fast,bibibi,female speakers only,model complete cases,"{""numpy"": ""2.3.5"", ""pandas"": ""2.2.3"", ""patsy"": ""1.0.2"", ""platform"": ""Linux-4.4.0-x86_64-with-glibc2.41"", ""python"": ""3.13.5"", ""scipy"": ""1.17.0"", ""statsmodels"": ""0.14.6""}",analysis/primary/data/analysis_dataset_clean.csv,analysis/primary/data/analysis_dataset_clean.csv=25aaddf2ac0894b19bab058afe1fbe153b5e81b3ed4f744813e4e03c72094084,generate_canonical_empirical_outputs_CURRENT.py,b910303d197117ab53cd187ef56ecfe22465643191eb4f23b2908e102ef7c212,VERIFIED_CANONICAL
primary_demographic_sensitivity_CURRENT.csv,coefficient,primary_and_demographic_sensitivity,female_only_independence_gee,log_articulationrate,log(syllables/s),"log_articulationrate ~ C(rate, Treatment(reference='fast')) + C(sequence, Treatment(reference='bibibi')) + co_me_mean_mm_10 + height_cm_c","C(sequence, Treatment(reference='bibibi'))[T.tatata]",tatata minus the model-specific sequence reference,-0.0014153748583856356,0.025587126023959961,-0.051565220333234713,0.048734470616463438,-0.055315898200535257,Wald z,0.95588679662575304,-0.14143736877904045,-5.0258294528316423,4.9941523397782905,percent change,6103,21,Gaussian,identity,independence,robust sandwich,participant_id,fast,bibibi,female speakers only,model complete cases,"{""numpy"": ""2.3.5"", ""pandas"": ""2.2.3"", ""patsy"": ""1.0.2"", ""platform"": ""Linux-4.4.0-x86_64-with-glibc2.41"", ""python"": ""3.13.5"", ""scipy"": ""1.17.0"", ""statsmodels"": ""0.14.6""}",analysis/primary/data/analysis_dataset_clean.csv,analysis/primary/data/analysis_dataset_clean.csv=25aaddf2ac0894b19bab058afe1fbe153b5e81b3ed4f744813e4e03c72094084,generate_canonical_empirical_outputs_CURRENT.py,b910303d197117ab53cd187ef56ecfe22465643191eb4f23b2908e102ef7c212,VERIFIED_CANONICAL
primary_demographic_sensitivity_CURRENT.csv,coefficient,primary_and_demographic_sensitivity,female_only_independence_gee,log_articulationrate,log(syllables/s),"log_articulationrate ~ C(rate, Treatment(reference='fast')) + C(sequence, Treatment(reference='bibibi')) + co_me_mean_mm_10 + height_cm_c",co_me_mean_mm_10,Per +10 mm bilateral mean Co--Me,-0.049452540283497201,0.02178320468721669,-0.092146836938305998,-0.0067582436286883971,-2.2702141853589639,Wald z,0.023194590737591631,-4.82496731346993,-8.8028771349974217,-0.67354580592546842,percent change,6103,21,Gaussian,identity,independence,robust sandwich,participant_id,fast,bibibi,female speakers only,model complete cases,"{""numpy"": ""2.3.5"", ""pandas"": ""2.2.3"", ""patsy"": ""1.0.2"", ""platform"": ""Linux-4.4.0-x86_64-with-glibc2.41"", ""python"": ""3.13.5"", ""scipy"": ""1.17.0"", ""statsmodels"": ""0.14.6""}",analysis/primary/data/analysis_dataset_clean.csv,analysis/primary/data/analysis_dataset_clean.csv=25aaddf2ac0894b19bab058afe1fbe153b5e81b3ed4f744813e4e03c72094084,generate_canonical_empirical_outputs_CURRENT.py,b910303d197117ab53cd187ef56ecfe22465643191eb4f23b2908e102ef7c212,VERIFIED_CANONICAL
primary_demographic_sensitivity_CURRENT.csv,coefficient,primary_and_demographic_sensitivity,female_only_independence_gee,log_articulationrate,log(syllables/s),"log_articulationrate ~ C(rate, Treatment(reference='fast')) + C(sequence, Treatment(reference='bibibi')) + co_me_mean_mm_10 + height_cm_c",height_cm_c,"Per +1 cm height, centered as documented for the model input",0.014311696692306447,0.0049479867429934312,0.0046138208800576772,0.024009572504555217,2.8924282613676047,Wald z,0.0038227647195396564,1.4414599341215917,0.46244809398443554,2.430012296128492,percent change,6103,21,Gaussian,identity,independence,robust sandwich,participant_id,fast,bibibi,female speakers only,model complete cases,"{""numpy"": ""2.3.5"", ""pandas"": ""2.2.3"", ""patsy"": ""1.0.2"", ""platform"": ""Linux-4.4.0-x86_64-with-glibc2.41"", ""python"": ""3.13.5"", ""scipy"": ""1.17.0"", ""statsmodels"": ""0.14.6""}",analysis/primary/data/analysis_dataset_clean.csv,analysis/primary/data/analysis_dataset_clean.csv=25aaddf2ac0894b19bab058afe1fbe153b5e81b3ed4f744813e4e03c72094084,generate_canonical_empirical_outputs_CURRENT.py,b910303d197117ab53cd187ef56ecfe22465643191eb4f23b2908e102ef7c212,VERIFIED_CANONICAL
