rank	conflict	source_file_or_location	scientific_or_reproducibility_consequence	implemented_correction
1	Target velocity is not the derivative of target position	PREFLIGHT_EVIDENCE_BUNDLE.zip!/analysis/artisynth/code/MandibleScalingInverseDDK.java:324-328	Position uses 0.5*A but velocity uses A*omega; commanded velocity is 2x the active-position derivative, affecting inverse-controller demand and all old dynamics.	`MandibleScalingInverseDDK_CURRENT.java::TargetUpdater.apply` codes `0.5*A*omega*cos`, retains the approved active position, and emits distinct formula IDs.
2	All archived simulation outputs inherit the target mismatch	PREFLIGHT_EVIDENCE_BUNDLE.zip!/analysis/current_outputs/artisynth_scaling_runs_long_twoamp.csv; artisynth_force_scaled_runs_long_twoamp.csv; manuscript/Figure8_CURRENT.png; manuscript/SuppPub2_CURRENT.png; main_CURRENT.tex:47,390-418	Old endpoints, heatmaps, Table S3, and simulation prose cannot be promoted after a dynamics-target correction.	`run_artisynth_case_CURRENT.py::create_identity` and `::verify_resume` require the corrected class/configuration hashes and fresh or exact-matching directories; `validate_artisynth_grid_CURRENT.py::validate_mode` and `make_artisynth_figures_CURRENT.py::load_validation` reject old schema/unvalidated inputs.
3	Permissive two-failure fmax conflicts with approved strict prefix	PREFLIGHT_EVIDENCE_BUNDLE.zip!/analysis/artisynth/code/make_fmax_twoamp.py:23-34,40-64; make_artisynth_twoamp_figs.py:65-95,419-422	An isolated failed frequency may be ignored, inflating fmax and hiding local nonmonotonicity.	`compute_fmax_CURRENT.py::compute` closes the prefix at the first failure, records the first criterion/frequency, and flags later feasible cells without reopening.
4	Figure 8 and Table S3 use inconsistent endpoint logic	PREFLIGHT_EVIDENCE_BUNDLE.zip!/manuscript/Figure8_CURRENT.png panel C versus main_CURRENT.tex:397-414	Examples include fixed A=1.0,s=0.95 and s=1.10, for which the figure shows permissive recovered endpoints while Table S3 reports strict-prefix values.	`make_artisynth_figures_CURRENT.py::load_validation`, `::load_fmax`, and `::table_s3` consume only PASS-validated long tables and the independent strict-prefix output.
5	Force-capacity s=1.00 cells do not exercise the force setter	PREFLIGHT_EVIDENCE_BUNDLE.zip!/analysis/artisynth/code/MandibleScalingInverseDDK.java:664-687; old force long table has n_force_scaled=0 in all 38 s=1.00 cells	The sensitivity cannot verify that the force-capacity code path is active at the reference scale; old validation criterion n_force_scaled>0 is violated.	`MandibleScalingInverseDDK_CURRENT.java::applyForceCapacitySensitivity` touches and reads back force capacity for every sensitivity cell, including multiplier 1; identity-based de-duplication avoids repeated multiplication of shared storage, and the wrapper/validator require `n_force_scaled>0`.
6	Primary prose calls the disabled-gravity manipulation weight scaling	PREFLIGHT_EVIDENCE_BUNDLE.zip!/manuscript/main_CURRENT.tex:257 versus MandibleScalingInverseDDK.java:531-539,554-556	“Mass–inertia–weight” is scientifically incorrect when the gravity vector is zero.	`ARTISYNTH_CANONICAL_SPECIFICATION.md` and `MandibleScalingInverseDDK_CURRENT.java::build` define mass-and-inertia scaling with gravity disabled; no gravity-enabled branch is present.
7	Gravity is set in multiple redundant/best-effort locations	PREFLIGHT_EVIDENCE_BUNDLE.zip!/analysis/artisynth/code/MandibleScalingInverseDDK.java:66,111-112,531-541,554-556	The effective state is hard to audit and the flag does not meaningfully control the earlier unconditional zeroing.	`MandibleScalingInverseDDK_CURRENT.java::validateParams` accepts only `gravity=disabled`; `::build` sets `(0,0,0)` once after construction.
8	Geometry-scaling branch is reachable and scaling is skipped at s=1	PREFLIGHT_EVIDENCE_BUNDLE.zip!/analysis/artisynth/code/MandibleScalingInverseDDK.java:174-188,572-583	A wrong argument can alter geometry, paths, attachments, and lever arms; the reference cell follows a different code path.	`MandibleScalingInverseDDK_CURRENT.java::validateParams` rejects noncanonical settings; `::applyMassAndInertiaScaling` changes only mass/inertia, and `::build` calls it at every scale with `geometryScaled=false`.
9	Unknown Java model arguments are silently ignored	PREFLIGHT_EVIDENCE_BUNDLE.zip!/analysis/artisynth/code/MandibleScalingInverseDDK.java:72-137	Misspelled or unsupported force/configuration arguments can yield apparently successful but noncanonical runs.	`MandibleScalingInverseDDK_CURRENT.java::parseArgs` throws on unknown/malformed arguments and `::validateParams` enforces every canonical parameter.
10	Collision/TMJ/probe/solver changes are best-effort and unrecorded	PREFLIGHT_EVIDENCE_BUNDLE.zip!/analysis/artisynth/code/MandibleScalingInverseDDK.java:444-519,544-564	A failed API call can silently change constraints/controller inputs across runs or ArtiSynth versions.	`MandibleScalingInverseDDK_CURRENT.java::disableCollisions`, `::configureTmj`, and `::build` record effective counts/flags and fail unless collision, both TMJs, probes, and hybrid-solver state are verified.
11	Old per-case wrapper deletes output and rewrites Java metadata	PREFLIGHT_EVIDENCE_BUNDLE.zip!/analysis/artisynth/code/run_artisynth_case.py:177-187,241-259	Prior raw evidence can be destroyed; wrapper-side values can obscure what the Java model actually applied.	`run_artisynth_case_CURRENT.py::run_case`, `::read_and_validate_java_csv`, and `::finalize_row` use isolated cell directories, preserve the raw Java row, and validate it before standardization.
12	Old wrapper merges stderr into stdout and can accept nonzero process output	PREFLIGHT_EVIDENCE_BUNDLE.zip!/analysis/artisynth/code/run_artisynth_case.py:214-237	Diagnostic provenance is weakened; a nonzero launcher may be treated as usable if a stale/partial CSV exists.	`run_artisynth_case_CURRENT.py::run_case` captures stdout/stderr separately, requires return code 0 and exactly one complete raw row, and hashes each artifact.
13	Old grid resume skips any nonempty CSV without identity checks	PREFLIGHT_EVIDENCE_BUNDLE.zip!/analysis/artisynth/code/run_force_scaled_artisynth_grid_v3_extraargs.py:146-149	Cells from prior code/configurations can be silently reused after the Java correction.	`run_artisynth_case_CURRENT.py::verify_resume` verifies configuration/content plus code/runtime/artifact hashes; `run_artisynth_grid_CURRENT.py::verify_existing_grid` refuses a mismatched grid resume.
14	Old grid can continue after failures and aggregate only completed CSVs	PREFLIGHT_EVIDENCE_BUNDLE.zip!/analysis/artisynth/code/run_force_scaled_artisynth_grid_v3_extraargs.py:155-190	A partial grid can look like a valid long table because failed/missing cells disappear.	`run_artisynth_grid_CURRENT.py::main` initializes exactly 342 rows, updates atomically after each attempt, retains failure/not-attempted states, and exits nonzero until all cells succeed.
15	Old compute_fmax groups incompletely and collapses duplicates with any()	PREFLIGHT_EVIDENCE_BUNDLE.zip!/analysis/artisynth/code/compute_fmax.py:78-103	Duplicate rows or mixed amplitudes/modes can be silently merged, producing ambiguous endpoints.	`compute_fmax_CURRENT.py::read_mode` and `::compute` require exact 342-row mode tables and exact mode×scale×amplitude×frequency series before generating 36 endpoints.
16	Older figure defaults use gain floor 0.8 and hide low scales/frequencies	PREFLIGHT_EVIDENCE_BUNDLE.zip!/analysis/artisynth/code/make_artisynth_twoamp_figs.py:20-29,221-227,414-426; manuscript/Figure8_CURRENT.png and SuppPub2_CURRENT.png	The displayed grid/feasibility boundary differs from D8: gain floor is too strict and scales 0.80/0.85 are omitted.	`artisynth_common_CURRENT.py::feasibility` fixes gain floor 0.7; `make_artisynth_figures_CURRENT.py::plot_fmax` and `::plot_heatmap` include all scales 0.80–1.20 and all tested frequencies.
17	Supplementary simulation caption does not match the image panels	PREFLIGHT_EVIDENCE_BUNDLE.zip!/manuscript/SuppPub2_CURRENT.png versus main_CURRENT.tex:463-465	Image panels are amplitudes 1.0/1.5 and show one effort metric, while caption says panel A peak excitation and panel B effort.	`make_artisynth_figures_CURRENT.py::main` emits separately named mode×amplitude×metric panels with a provenance JSON, preventing an ambiguous manual composite.
18	Old force summary chooses whichever fmax-like column appears first	PREFLIGHT_EVIDENCE_BUNDLE.zip!/analysis/artisynth/code/summarize_force_scaled_artisynth_s2.py:9-17,31-40	A table can silently compare strict, two-failure, or any-feasible endpoints depending on column names.	`compute_fmax_CURRENT.py::compute` emits one rule-identified endpoint; `make_artisynth_figures_CURRENT.py::load_fmax` requires `STRICT_ALL_LOWER_AND_SELF_FEASIBLE_V1` provenance.
19	Historical compile helper overwrites the shared dynjaw source/class location	PREFLIGHT_EVIDENCE_BUNDLE.zip!/analysis/artisynth/code/install_compile_and_run_force_scaled_s2.sh:30-40	The prior model can be altered and other projects can load the patched class unintentionally.	The corrected model has the new public class name `MandibleScalingInverseDDK_CURRENT`; `ARTISYNTH_LOCAL_RERUN_INSTRUCTIONS.md` compiles it into a new isolated classes directory and never copies over the prior source/class.
20	Historical fixed-force outer driver deletes run/log directories	PREFLIGHT_EVIDENCE_BUNDLE.zip!/analysis/artisynth/code/run_two_amp_sweeps.sh:19-35	Prior logs/results are destroyed and provenance is split across renamed directories.	`ARTISYNTH_LOCAL_RERUN_INSTRUCTIONS.md` creates a timestamped immutable run root; `run_artisynth_grid_CURRENT.py` requires `--fresh` or hash-gated `--resume`.
21	Exact historical fixed-force cell command is not preserved in supplied bundles	PREFLIGHT_EVIDENCE_BUNDLE.zip!/analysis/artisynth/code/run_two_amp_sweeps.sh:28-30 delegates to absent run_sweep.sh, quick_qc_artisynth.py, and play_and_quit.jy	The old fixed-force launch expansion cannot be reconstructed without guessing, unlike the force-capacity manifest.	`ARTISYNTH_AUDIT_REPORT.md` records this unresolved historical provenance limit; `run_artisynth_grid_CURRENT.py::main` and `run_artisynth_case_CURRENT.py::run_case` preserve every corrected expanded command/environment.
22	Old outputs omit complete effective configuration and code/runtime identity	PREFLIGHT_EVIDENCE_BUNDLE.zip!/analysis/artisynth/code/MandibleScalingInverseDDK.java:409-423 and old long tables	Controller, gravity, constraints, target formulas, source hashes, and runtime identity cannot be established row by row.	`MandibleScalingInverseDDK_CURRENT.java::MetricsCollector.writeOutput` plus `run_artisynth_case_CURRENT.py::finalize_row` record effective parameters, metrics, status, paths, and hashes in every expected row.
